Product_ID,CurrencyKey,UnitCost,SCD_EffectiveDate
101010101001,23,45.6126,10-01-2014
101010101002,23,45.6126,10-01-2014
101010101003,23,50.9869,10-01-2014
101010101004,23,75.7914,10-01-2014
101010101005,23,75.7914,10-01-2014
101010101006,23,75.7914,10-01-2014
101010101007,23,75.7914,10-01-2014
101010101008,23,210.7001,10-01-2014
101010101009,23,210.7001,10-01-2014
101010101010,23,210.7001,10-01-2014
101010101011,23,210.7001,10-01-2014
101010101012,23,246.1154,10-01-2014
101010101013,23,246.1154,10-01-2014
101010101014,23,246.1154,10-01-2014
101010101015,23,246.1154,10-01-2014
101010101016,23,335.9233,10-01-2014
101010101017,23,335.9233,10-01-2014
101010101018,23,335.9233,10-01-2014
101010101019,23,335.9233,10-01-2014
101010101020,23,409.4065,10-01-2014
101010101021,23,409.4065,10-01-2014
101010101022,23,409.4065,10-01-2014
101010101023,23,409.4065,10-01-2014
101010101024,23,582.5105,10-01-2014
101010101025,23,582.5105,10-01-2014
101010101026,23,582.5105,10-01-2014
101010101027,23,582.5105,10-01-2014
101010101028,23,582.5105,10-01-2014
101010101029,23,561.356,10-01-2014
101010101030,23,561.356,10-01-2014
101010101031,23,561.356,10-01-2014
101010101032,23,561.356,10-01-2014
101010101033,23,561.356,10-01-2014
101010101034,23,325.027,10-01-2014
101010101035,23,325.027,10-01-2014
101010101036,23,325.027,10-01-2014
101010101037,23,683.0873,10-01-2014
101010101038,23,683.0873,10-01-2014
101010101039,23,683.0873,10-01-2014
101010101040,23,683.0873,10-01-2014
101010101041,23,676.0366,10-01-2014
101010101042,23,676.0366,10-01-2014
101010101043,23,676.0366,10-01-2014
101010101044,23,676.0366,10-01-2014
101010101045,23,676.0366,10-01-2014
101040104001,23,526.7503,10-01-2014
101040104002,23,526.7503,10-01-2014
101040104003,23,526.7503,10-01-2014
101040104004,23,633.5473,10-01-2014
101040104005,23,633.5473,10-01-2014
101040104006,23,633.5473,10-01-2014
101040104007,23,633.5473,10-01-2014
101040104008,23,651.5822,10-01-2014
101040104009,23,651.5822,10-01-2014
101040104010,23,651.5822,10-01-2014
101040104011,23,651.5822,10-01-2014
101040104012,23,528.4015,10-01-2014
101040104013,23,528.4015,10-01-2014
101040104014,23,528.4015,10-01-2014
101040104015,23,528.4015,10-01-2014
101040104016,23,527.4467,10-01-2014
101040104017,23,527.4467,10-01-2014
101040104018,23,527.4467,10-01-2014
101040104019,23,527.4467,10-01-2014
101040104020,23,527.4467,10-01-2014
101060106001,23,90.2607,10-01-2014
101060106002,23,90.2607,10-01-2014
101060106003,23,90.2607,10-01-2014
101060106004,23,90.2607,10-01-2014
101060106005,23,151.9273,10-01-2014
101060106006,23,151.9273,10-01-2014
101060106007,23,151.9273,10-01-2014
101060106008,23,151.9273,10-01-2014
101060106009,23,115.9387,10-01-2014
101060106010,23,120.2327,10-01-2014
101060106011,23,120.2327,10-01-2014
101060106012,23,120.2327,10-01-2014
101060106013,23,128.5009,10-01-2014
101060106014,23,128.5009,10-01-2014
101060106015,23,128.5009,10-01-2014
101060106016,23,128.5009,10-01-2014
101060106017,23,128.5009,10-01-2014
101060106018,23,305.4935,10-01-2014
101060106019,23,305.4935,10-01-2014
101060106020,23,305.4935,10-01-2014
101060106021,23,305.4935,10-01-2014
101060106022,23,305.4935,10-01-2014
101060106023,23,330.1429,10-01-2014
101060106024,23,330.1429,10-01-2014
101060106025,23,330.1429,10-01-2014
101060106026,23,330.1429,10-01-2014
101060106027,23,330.1429,10-01-2014
101060106028,23,236.7448,10-01-2014
101060106029,23,236.7448,10-01-2014
101060106030,23,236.7448,10-01-2014
101060106031,23,236.7448,10-01-2014
101060106032,23,236.7448,10-01-2014
101060106033,23,349.6457,10-01-2014
101060106034,23,349.6457,10-01-2014
101060106035,23,349.6457,10-01-2014
101060106036,23,349.6457,10-01-2014
101060106037,23,351.3375,10-01-2014
101060106038,23,351.3375,10-01-2014
101060106039,23,351.3375,10-01-2014
101060106040,23,351.3375,10-01-2014
101060106041,23,387.5377,10-01-2014
101060106042,23,387.5377,10-01-2014
101060106043,23,387.5377,10-01-2014
101060106044,23,387.5377,10-01-2014
101060106045,23,387.5377,10-01-2014
101060106046,23,550.3268,10-01-2014
101060106047,23,550.3268,10-01-2014
101060106048,23,550.3268,10-01-2014
101060106049,23,550.3268,10-01-2014
101060106050,23,550.3268,10-01-2014
202010201001,23,597.1674,10-01-2014
202010201002,23,597.1674,10-01-2014
202010201003,23,597.1674,10-01-2014
202010201004,23,421.4691,10-01-2014
202010201005,23,421.4691,10-01-2014
202010201006,23,421.4691,10-01-2014
202010201007,23,887.1729,10-01-2014
202010201008,23,887.1729,10-01-2014
202010201009,23,887.1729,10-01-2014
202010201010,23,503.7373,10-01-2014
202010201011,23,503.7373,10-01-2014
202010201012,23,503.7373,10-01-2014
202010201013,23,503.7373,10-01-2014
202010201014,23,702.5864,10-01-2014
202010201015,23,702.5864,10-01-2014
202010201016,23,702.5864,10-01-2014
202010201017,23,702.5864,10-01-2014
202010201018,23,1108.8283,10-01-2014
202010201019,23,1108.8283,10-01-2014
202010201020,23,1108.8283,10-01-2014
202010201021,23,1108.8283,10-01-2014
202010201022,23,1527.6669,10-01-2014
202010201023,23,1527.6669,10-01-2014
202010201024,23,1527.6669,10-01-2014
202010201025,23,1527.6669,10-01-2014
202010201026,23,1016.1413,10-01-2014
202010201027,23,1016.1413,10-01-2014
202010201028,23,1016.1413,10-01-2014
202010201029,23,1016.1413,10-01-2014
202010201030,23,6088.1946,10-01-2014
202010201031,23,6088.1946,10-01-2014
202010201032,23,6088.1946,10-01-2014
202010201033,23,6088.1946,10-01-2014
202010201034,23,2608.4548,10-01-2014
202010201035,23,2608.4548,10-01-2014
202010201036,23,2608.4548,10-01-2014
202010201037,23,2608.4548,10-01-2014
202010201038,23,1489.0945,10-01-2014
202010201039,23,1489.0945,10-01-2014
202010201040,23,1489.0945,10-01-2014
202010201041,23,1489.0945,10-01-2014
202010201042,23,3205.2968,10-01-2014
202010201043,23,3205.2968,10-01-2014
202010201044,23,3205.2968,10-01-2014
202010201045,23,3205.2968,10-01-2014
202010201046,23,3504.9368,10-01-2014
202010201047,23,3504.9368,10-01-2014
202010201048,23,3504.9368,10-01-2014
202010201049,23,3504.9368,10-01-2014
202010201050,23,2682.0512,10-01-2014
202020202001,23,346.7309,10-01-2014
202020202002,23,242.3947,10-01-2014
202020202003,23,408.7224,10-01-2014
202020202004,23,377.0278,10-01-2014
202020202005,23,345.4021,10-01-2014
202020202006,23,302.5037,10-01-2014
202020202007,23,354.7782,10-01-2014
202020202008,23,315.7746,10-01-2014
202020202009,23,285.96,10-01-2014
202020202010,23,340.6479,10-01-2014
202020202011,23,402.1079,10-01-2014
202020202012,23,199.8826,10-01-2014
202020202013,23,231.8528,10-01-2014
202020202014,23,346.7309,10-01-2014
202020202015,23,242.3947,10-01-2014
202020202016,23,408.7224,10-01-2014
202020202017,23,377.0278,10-01-2014
202020202018,23,345.4021,10-01-2014
202020202019,23,302.5037,10-01-2014
202020202020,23,354.7782,10-01-2014
202020202021,23,315.7746,10-01-2014
202020202022,23,285.96,10-01-2014
202020202023,23,340.6479,10-01-2014
202020202024,23,402.1079,10-01-2014
202020202025,23,199.8826,10-01-2014
202020202026,23,231.8528,10-01-2014
202030203001,23,1830.1706,10-01-2014
202030203002,23,2214.7627,10-01-2014
202030203003,23,1050.3311,10-01-2014
202030203004,23,1952.3547,10-01-2014
202030203005,23,948.0816,10-01-2014
202030203006,23,1053.5006,10-01-2014
202030203007,23,1745.4404,10-01-2014
202030203008,23,1738.4826,10-01-2014
202030203009,23,1677.4238,10-01-2014
202030203010,23,2135.6641,10-01-2014
202030203011,23,2183.1371,10-01-2014
202030203012,23,1758.8134,10-01-2014
202030203013,23,2328.2044,10-01-2014
202030203014,23,1830.1706,10-01-2014
202030203015,23,1802.8709,10-01-2014
202030203016,23,1834.5655,10-01-2014
202030203017,23,1830.1706,10-01-2014
202030203018,23,2214.7627,10-01-2014
202030203019,23,1050.3311,10-01-2014
202030203020,23,1952.3547,10-01-2014
202030203021,23,948.0816,10-01-2014
202030203022,23,1053.5006,10-01-2014
202030203023,23,1745.4404,10-01-2014
202030203024,23,1738.4826,10-01-2014
202030203025,23,1677.4238,10-01-2014
202030203026,23,2135.6641,10-01-2014
202030203027,23,2183.1371,10-01-2014
202030203028,23,1758.8134,10-01-2014
202030203029,23,2328.2044,10-01-2014
202030203030,23,1830.1706,10-01-2014
202030203031,23,1802.8709,10-01-2014
202030203032,23,1834.5655,10-01-2014
202030203033,23,1830.1706,10-01-2014
202030203034,23,2214.7627,10-01-2014
202030203035,23,1050.3311,10-01-2014
202030203036,23,1952.3547,10-01-2014
202030203037,23,948.0816,10-01-2014
202030203038,23,1053.5006,10-01-2014
202030203039,23,1745.4404,10-01-2014
202030203040,23,1738.4826,10-01-2014
202030203041,23,1677.4238,10-01-2014
202030203042,23,2135.6641,10-01-2014
202030203043,23,2183.1371,10-01-2014
202030203044,23,1758.8134,10-01-2014
202030203045,23,2328.2044,10-01-2014
202030203046,23,1830.1706,10-01-2014
202030203047,23,1802.8709,10-01-2014
202030203048,23,1834.5655,10-01-2014
202030203049,23,1050.3311,10-01-2014
202030203050,23,1155.6812,10-01-2014
202030203051,23,2029.4183,10-01-2014
202030203052,23,1436.7295,10-01-2014
202030203053,23,1359.2845,10-01-2014
202030203054,23,1494.048,10-01-2014
202030203055,23,1155.6812,10-01-2014
202030203056,23,1035.7413,10-01-2014
202030203057,23,1264.2696,10-01-2014
202030203058,23,699.0724,10-01-2014
202030203059,23,1616.2985,10-01-2014
202030203060,23,1686.1521,10-01-2014
202030203061,23,1219.4493,10-01-2014
202030203062,23,1050.3311,10-01-2014
202030203063,23,1155.6812,10-01-2014
202030203064,23,2029.4183,10-01-2014
202030203065,23,1436.7295,10-01-2014
202030203066,23,1359.2845,10-01-2014
202030203067,23,1494.048,10-01-2014
202030203068,23,1155.6812,10-01-2014
202030203069,23,1035.7413,10-01-2014
202030203070,23,1264.2696,10-01-2014
202030203071,23,699.0724,10-01-2014
202030203072,23,1616.2985,10-01-2014
202030203073,23,1686.1521,10-01-2014
202030203074,23,1219.4493,10-01-2014
202030203075,23,1050.3311,10-01-2014
202030203076,23,1155.6812,10-01-2014
202030203077,23,2029.4183,10-01-2014
202030203078,23,1436.7295,10-01-2014
202030203079,23,1359.2845,10-01-2014
202030203080,23,1494.048,10-01-2014
202030203081,23,1155.6812,10-01-2014
202030203082,23,1035.7413,10-01-2014
202030203083,23,1264.2696,10-01-2014
202030203084,23,699.0724,10-01-2014
202030203085,23,1616.2985,10-01-2014
202030203086,23,1686.1521,10-01-2014
202030203087,23,1219.4493,10-01-2014
202030203088,23,1050.3311,10-01-2014
202030203089,23,1155.6812,10-01-2014
202030203090,23,2029.4183,10-01-2014
202030203091,23,1436.7295,10-01-2014
202030203092,23,1359.2845,10-01-2014
202030203093,23,1494.048,10-01-2014
202030203094,23,1155.6812,10-01-2014
202030203095,23,1035.7413,10-01-2014
202030203096,23,1264.2696,10-01-2014
202030203097,23,699.0724,10-01-2014
202030203098,23,1616.2985,10-01-2014
202030203099,23,1686.1521,10-01-2014
202030203100,23,1219.4493,10-01-2014
202050205001,23,1584.2471,10-01-2014
202050205002,23,1581.0777,10-01-2014
202050205003,23,1050.3311,10-01-2014
202050205004,23,980.0518,10-01-2014
202050205005,23,909.8414,10-01-2014
202050205006,23,944.9122,10-01-2014
202050205007,23,1085.4708,10-01-2014
202050205008,23,699.0724,10-01-2014
202050205009,23,769.2828,10-01-2014
202050205010,23,1120.6104,10-01-2014
202050205011,23,2097.3039,10-01-2014
202050205012,23,1912.9555,10-01-2014
202050205013,23,2214.7627,10-01-2014
202050205014,23,1042.4764,10-01-2014
202050205015,23,1169.1858,10-01-2014
202050205016,23,1169.1858,10-01-2014
202050205017,23,1584.2471,10-01-2014
202050205018,23,1581.0777,10-01-2014
202050205019,23,1050.3311,10-01-2014
202050205020,23,980.0518,10-01-2014
202050205021,23,909.8414,10-01-2014
202050205022,23,944.9122,10-01-2014
202050205023,23,1085.4708,10-01-2014
202050205024,23,699.0724,10-01-2014
202050205025,23,769.2828,10-01-2014
202050205026,23,1120.6104,10-01-2014
202050205027,23,2097.3039,10-01-2014
202050205028,23,1912.9555,10-01-2014
202050205029,23,2214.7627,10-01-2014
202050205030,23,1042.4764,10-01-2014
202050205031,23,1169.1858,10-01-2014
202050205032,23,1169.1858,10-01-2014
202050205033,23,1584.2471,10-01-2014
202050205034,23,1581.0777,10-01-2014
202050205035,23,1050.3311,10-01-2014
202050205036,23,980.0518,10-01-2014
202050205037,23,909.8414,10-01-2014
202050205038,23,944.9122,10-01-2014
202050205039,23,1085.4708,10-01-2014
202050205040,23,699.0724,10-01-2014
202050205041,23,769.2828,10-01-2014
202050205042,23,1120.6104,10-01-2014
202050205043,23,2097.3039,10-01-2014
202050205044,23,1912.9555,10-01-2014
202050205045,23,2214.7627,10-01-2014
202050205046,23,1042.4764,10-01-2014
303010301001,23,2737.1033,10-01-2014
303010301002,23,2787.9525,10-01-2014
303010301003,23,2595.0289,10-01-2014
303010301004,23,3063.971,10-01-2014
303010301005,23,1897.9547,10-01-2014
303010301006,23,2508.8334,10-01-2014
303010301007,23,1285.6979,10-01-2014
303010301008,23,2214.7627,10-01-2014
303010301009,23,2088.0533,10-01-2014
303010301010,23,1856.7517,10-01-2014
303010301011,23,2401.7608,10-01-2014
303010301012,23,1345.3664,10-01-2014
303010301013,23,1401.5898,10-01-2014
303010301014,23,1180.2789,10-01-2014
303010301015,23,1124.1244,10-01-2014
303010301016,23,1352.0498,10-01-2014
303010301017,23,1345.2286,10-01-2014
303010301018,23,1276.8785,10-01-2014
303010301019,23,1447.6848,10-01-2014
303010301020,23,1159.1951,10-01-2014
303010301021,23,1145.1393,10-01-2014
303010301022,23,1292.7258,10-01-2014
303010301023,23,1334.8934,10-01-2014
303010301024,23,1366.4502,10-01-2014
303010301025,23,2965.3733,10-01-2014
303010301026,23,2214.7627,10-01-2014
303010301027,23,1345.2286,10-01-2014
303010301028,23,1897.9547,10-01-2014
303010301029,23,2401.7608,10-01-2014
303010301030,23,1145.1393,10-01-2014
303010301031,23,2965.3733,10-01-2014
303010301032,23,2214.7627,10-01-2014
303010301033,23,1345.2286,10-01-2014
303010301034,23,1897.9547,10-01-2014
303010301035,23,2401.7608,10-01-2014
303010301036,23,1145.1393,10-01-2014
303010301037,23,2965.3733,10-01-2014
303010301038,23,2214.7627,10-01-2014
303010301039,23,1345.2286,10-01-2014
303010301040,23,1897.9547,10-01-2014
303010301041,23,2401.7608,10-01-2014
303010301042,23,1145.1393,10-01-2014
303010301043,23,2965.3733,10-01-2014
303010301044,23,2214.7627,10-01-2014
303010301045,23,1345.2286,10-01-2014
303010301046,23,1897.9547,10-01-2014
303010301047,23,2401.7608,10-01-2014
303010301048,23,1145.1393,10-01-2014
303010301049,23,2965.3733,10-01-2014
303010301050,23,2214.7627,10-01-2014
303010301051,23,1345.2286,10-01-2014
303010301052,23,1897.9547,10-01-2014
303010301053,23,2965.3733,10-01-2014
303010301054,23,2214.7627,10-01-2014
303010301055,23,1345.2286,10-01-2014
303010301056,23,1897.9547,10-01-2014
303010301057,23,2401.7608,10-01-2014
303010301058,23,1145.1393,10-01-2014
303010301059,23,2965.3733,10-01-2014
303010301060,23,2214.7627,10-01-2014
303010301061,23,1345.2286,10-01-2014
303010301062,23,1897.9547,10-01-2014
303010301063,23,2401.7608,10-01-2014
303010301064,23,1145.1393,10-01-2014
303010301065,23,2965.3733,10-01-2014
303010301066,23,2214.7627,10-01-2014
303010301067,23,2965.3733,10-01-2014
303010301068,23,2214.7627,10-01-2014
303010301069,23,1345.2286,10-01-2014
303010301070,23,1897.9547,10-01-2014
303010301071,23,2401.7608,10-01-2014
303010301072,23,1145.1393,10-01-2014
303010301073,23,2965.3733,10-01-2014
303010301074,23,2214.7627,10-01-2014
303010301075,23,1345.2286,10-01-2014
303010301076,23,1897.9547,10-01-2014
303010301077,23,2401.7608,10-01-2014
303010301078,23,1145.1393,10-01-2014
303030303001,23,2034.3195,10-01-2014
303030303002,23,1830.1706,10-01-2014
303030303003,23,948.2883,10-01-2014
303030303004,23,1296.2398,10-01-2014
303030303005,23,1756.018,10-01-2014
303030303006,23,1486.0628,10-01-2014
303030303007,23,2034.3195,10-01-2014
303030303008,23,1830.1706,10-01-2014
303030303009,23,948.2883,10-01-2014
303030303010,23,1296.2398,10-01-2014
303030303011,23,1756.018,10-01-2014
303030303012,23,1486.0628,10-01-2014
303030303013,23,2034.3195,10-01-2014
303030303014,23,1832.8946,10-01-2014
303030303015,23,948.2883,10-01-2014
303030303016,23,1296.2398,10-01-2014
303030303017,23,1756.018,10-01-2014
303030303018,23,2034.3195,10-01-2014
303030303019,23,1830.1706,10-01-2014
303030303020,23,948.2883,10-01-2014
303030303021,23,1296.2398,10-01-2014
303030303022,23,1756.018,10-01-2014
303030303023,23,1929.3244,10-01-2014
303030303024,23,1707.92,10-01-2014
303030303025,23,772.659,10-01-2014
303030303026,23,807.5919,10-01-2014
303030303027,23,948.0816,10-01-2014
303030303028,23,1105.7966,10-01-2014
303030303029,23,1929.3244,10-01-2014
303030303030,23,1707.92,10-01-2014
303030303031,23,772.659,10-01-2014
303030303032,23,807.5919,10-01-2014
303030303033,23,948.0816,10-01-2014
303030303034,23,1105.7966,10-01-2014
303030303035,23,1929.3244,10-01-2014
303030303036,23,1707.92,10-01-2014
303030303037,23,772.659,10-01-2014
303030303038,23,807.5919,10-01-2014
303030303039,23,948.0816,10-01-2014
303030303040,23,1929.3244,10-01-2014
303030303041,23,1707.92,10-01-2014
303030303042,23,772.659,10-01-2014
303030303043,23,807.5919,10-01-2014
303030303044,23,948.0816,10-01-2014
303030303045,23,1053.5006,10-01-2014
303040304001,23,1719.3976,10-01-2014
303040304002,23,1824.3927,10-01-2014
303040304003,23,1362.6286,10-01-2014
303040304004,23,1494.7124,10-01-2014
303040304005,23,791.373,10-01-2014
303040304006,23,852.4319,10-01-2014
303040304007,23,440.417,10-01-2014
303040304008,23,567.1953,10-01-2014
303040304009,23,347.7448,10-01-2014
303040304010,23,453.1637,10-01-2014
303040304011,23,347.7448,10-01-2014
303040304012,23,242.3947,10-01-2014
303040304013,23,207.2551,10-01-2014
303040304014,23,172.1154,10-01-2014
303040304015,23,1719.3976,10-01-2014
303040304016,23,1824.3927,10-01-2014
303040304017,23,1362.6286,10-01-2014
303040304018,23,1494.7124,10-01-2014
303040304019,23,791.373,10-01-2014
303040304020,23,852.4319,10-01-2014
303040304021,23,440.417,10-01-2014
303040304022,23,567.1953,10-01-2014
303040304023,23,347.7448,10-01-2014
303040304024,23,453.1637,10-01-2014
303040304025,23,347.7448,10-01-2014
303040304026,23,242.3947,10-01-2014
303040304027,23,207.2551,10-01-2014
303040304028,23,172.1154,10-01-2014
303040304029,23,1719.3976,10-01-2014
303040304030,23,1983.8057,10-01-2014
303040304031,23,1362.6286,10-01-2014
303040304032,23,1494.7124,10-01-2014
303040304033,23,791.373,10-01-2014
303040304034,23,852.4319,10-01-2014
303040304035,23,488.3034,10-01-2014
303040304036,23,567.1953,10-01-2014
303040304037,23,347.7448,10-01-2014
303040304038,23,453.1637,10-01-2014
303040304039,23,347.7448,10-01-2014
303040304040,23,157.5083,10-01-2014
303040304041,23,207.2551,10-01-2014
303040304042,23,205.4636,10-01-2014
303040304043,23,1719.3976,10-01-2014
303040304044,23,1983.8057,10-01-2014
303040304045,23,1362.6286,10-01-2014
303040304046,23,1494.7124,10-01-2014
303040304047,23,791.373,10-01-2014
303040304048,23,852.4319,10-01-2014
303040304049,23,488.3034,10-01-2014
303040304050,23,567.1953,10-01-2014
303040304051,23,347.7448,10-01-2014
303040304052,23,453.1637,10-01-2014
303040304053,23,347.7448,10-01-2014
303040304054,23,157.5083,10-01-2014
303040304055,23,207.2551,10-01-2014
303040304056,23,205.4636,10-01-2014
303040304057,23,1869.6362,10-01-2014
303040304058,23,1824.3927,10-01-2014
303040304059,23,1362.6286,10-01-2014
303040304060,23,1494.7124,10-01-2014
303040304061,23,791.373,10-01-2014
303040304062,23,852.4319,10-01-2014
303040304063,23,488.3034,10-01-2014
303040304064,23,567.1953,10-01-2014
303040304065,23,347.7448,10-01-2014
303040304066,23,453.1637,10-01-2014
303040304067,23,347.7448,10-01-2014
303040304068,23,1869.6362,10-01-2014
303040304069,23,1824.3927,10-01-2014
303040304070,23,1362.6286,10-01-2014
303040304071,23,1494.7124,10-01-2014
303040304072,23,791.373,10-01-2014
303040304073,23,852.4319,10-01-2014
303040304074,23,488.3034,10-01-2014
303040304075,23,567.1953,10-01-2014
303040304076,23,347.7448,10-01-2014
303040304077,23,453.1637,10-01-2014
303040304078,23,347.7448,10-01-2014
303050305001,23,5239.1155,10-01-2014
303050305002,23,5704.8193,10-01-2014
303050305003,23,2214.7627,10-01-2014
303050305004,23,3165.3248,10-01-2014
303050305005,23,804.4224,10-01-2014
303050305006,23,1752.8486,10-01-2014
303050305007,23,963.6484,10-01-2014
303050305008,23,658.1598,10-01-2014
303050305009,23,766.9229,10-01-2014
303050305010,23,601.9905,10-01-2014
303050305011,23,488.3034,10-01-2014
303050305012,23,382.8844,10-01-2014
303050305013,23,5239.1155,10-01-2014
303050305014,23,5704.8193,10-01-2014
303050305015,23,2214.7627,10-01-2014
303050305016,23,3165.3248,10-01-2014
303050305017,23,804.4224,10-01-2014
303050305018,23,1752.8486,10-01-2014
303050305019,23,963.6484,10-01-2014
303050305020,23,658.1598,10-01-2014
303050305021,23,766.9229,10-01-2014
303050305022,23,601.9905,10-01-2014
303050305023,23,488.3034,10-01-2014
303050305024,23,382.8844,10-01-2014
303050305025,23,5239.1155,10-01-2014
303050305026,23,5704.8193,10-01-2014
303050305027,23,2214.7627,10-01-2014
303050305028,23,3165.3248,10-01-2014
303050305029,23,804.4224,10-01-2014
303050305030,23,1752.8486,10-01-2014
303050305031,23,963.6484,10-01-2014
303050305032,23,658.1598,10-01-2014
303050305033,23,766.9229,10-01-2014
303050305034,23,601.9905,10-01-2014
303050305035,23,488.3034,10-01-2014
303050305036,23,382.8844,10-01-2014
303050305037,23,5239.1155,10-01-2014
303050305038,23,5246.3963,10-01-2014
303050305039,23,2214.7627,10-01-2014
303050305040,23,3165.3248,10-01-2014
303050305041,23,804.4224,10-01-2014
303050305042,23,1752.8486,10-01-2014
303050305043,23,1010.4274,10-01-2014
303050305044,23,913.5572,10-01-2014
303050305045,23,552.5194,10-01-2014
303050305046,23,433.7336,10-01-2014
303050305047,23,488.3034,10-01-2014
303050305048,23,382.8844,10-01-2014
303050305049,23,5239.1155,10-01-2014
303050305050,23,5246.3963,10-01-2014
303050305051,23,2214.7627,10-01-2014
303050305052,23,3165.3248,10-01-2014
303050305053,23,804.4224,10-01-2014
303050305054,23,1752.8486,10-01-2014
303050305055,23,1010.4274,10-01-2014
303050305056,23,913.5572,10-01-2014
303050305057,23,552.5194,10-01-2014
303050305058,23,433.7336,10-01-2014
303050305059,23,488.3034,10-01-2014
303050305060,23,382.8844,10-01-2014
303050305061,23,5239.1155,10-01-2014
303050305062,23,5246.3963,10-01-2014
303050305063,23,2214.7627,10-01-2014
303050305064,23,3165.3248,10-01-2014
303050305065,23,804.4224,10-01-2014
303050305066,23,1752.8486,10-01-2014
303050305067,23,1010.4274,10-01-2014
303050305068,23,913.5572,10-01-2014
303050305069,23,552.5194,10-01-2014
303050305070,23,433.7336,10-01-2014
303050305071,23,488.3034,10-01-2014
303050305072,23,382.8844,10-01-2014
303050305073,23,5052.0043,10-01-2014
303050305074,23,5501.0757,10-01-2014
303050305075,23,2214.7627,10-01-2014
303050305076,23,3165.3248,10-01-2014
303050305077,23,804.4224,10-01-2014
303050305078,23,1752.8486,10-01-2014
303050305079,23,963.6484,10-01-2014
303050305080,23,658.1598,10-01-2014
303050305081,23,766.9229,10-01-2014
303050305082,23,601.9905,10-01-2014
303050305083,23,488.3034,10-01-2014
303050305084,23,5052.0043,10-01-2014
303050305085,23,5501.0757,10-01-2014
303050305086,23,2214.7627,10-01-2014
303050305087,23,3165.3248,10-01-2014
303050305088,23,804.4224,10-01-2014
303050305089,23,1752.8486,10-01-2014
303050305090,23,963.6484,10-01-2014
303050305091,23,658.1598,10-01-2014
303050305092,23,766.9229,10-01-2014
303050305093,23,601.9905,10-01-2014
303050305094,23,488.3034,10-01-2014
303050305095,23,5052.0043,10-01-2014
303050305096,23,5501.0757,10-01-2014
303050305097,23,2214.7627,10-01-2014
303050305098,23,3165.3248,10-01-2014
303050305099,23,804.4224,10-01-2014
303050305100,23,1752.8486,10-01-2014
303050305101,23,963.6484,10-01-2014
303050305102,23,658.1598,10-01-2014
303050305103,23,766.9229,10-01-2014
303060306001,23,503.8062,10-01-2014
303060306002,23,535.5007,10-01-2014
303060306003,23,277.5344,10-01-2014
303060306004,23,460.1006,10-01-2014
303060306005,23,499.9477,10-01-2014
303060306006,23,281.0852,10-01-2014
303060306007,23,277.5344,10-01-2014
303060306008,23,319.633,10-01-2014
303060306009,23,274.0204,10-01-2014
303060306010,23,367.5194,10-01-2014
303060306011,23,383.3667,10-01-2014
303060306012,23,430.9086,10-01-2014
303060306013,23,408.7224,10-01-2014
303060306014,23,506.9756,10-01-2014
303060306015,23,460.407,10-01-2014
303060306016,23,455.2504,10-01-2014
303060306017,23,477.1414,10-01-2014
303060306018,23,343.8162,10-01-2014
303060306019,23,503.8062,10-01-2014
303060306020,23,520.4803,10-01-2014
303060306021,23,538.7391,10-01-2014
303060306022,23,566.1618,10-01-2014
303060306023,23,522.754,10-01-2014
303060306024,23,358.2867,10-01-2014
303060306025,23,516.484,10-01-2014
303060306026,23,601.9905,10-01-2014
303060306027,23,465.7727,10-01-2014
303060306028,23,595.6516,10-01-2014
303060306029,23,621.0072,10-01-2014
303060306030,23,503.8062,10-01-2014
303060306031,23,535.5007,10-01-2014
303060306032,23,277.5344,10-01-2014
303060306033,23,460.1006,10-01-2014
303060306034,23,499.9477,10-01-2014
303060306035,23,281.0852,10-01-2014
303060306036,23,277.5344,10-01-2014
303060306037,23,319.633,10-01-2014
303060306038,23,274.0204,10-01-2014
303060306039,23,367.5194,10-01-2014
303060306040,23,383.3667,10-01-2014
303060306041,23,430.9086,10-01-2014
303060306042,23,408.7224,10-01-2014
303060306043,23,506.9756,10-01-2014
303060306044,23,460.407,10-01-2014
303060306045,23,455.2504,10-01-2014
303060306046,23,477.1414,10-01-2014
303060306047,23,343.8162,10-01-2014
303060306048,23,503.8062,10-01-2014
303060306049,23,520.4803,10-01-2014
303060306050,23,538.7391,10-01-2014
303060306051,23,566.1618,10-01-2014
303060306052,23,522.754,10-01-2014
303060306053,23,358.2867,10-01-2014
303060306054,23,516.484,10-01-2014
303060306055,23,601.9905,10-01-2014
303060306056,23,465.7727,10-01-2014
303060306057,23,595.6516,10-01-2014
303060306058,23,621.0072,10-01-2014
303060306059,23,503.8062,10-01-2014
303060306060,23,535.5007,10-01-2014
303060306061,23,277.5344,10-01-2014
303060306062,23,460.1006,10-01-2014
303060306063,23,499.9477,10-01-2014
303060306064,23,281.0852,10-01-2014
303060306065,23,277.5344,10-01-2014
303060306066,23,319.633,10-01-2014
303060306067,23,274.0204,10-01-2014
303060306068,23,367.5194,10-01-2014
303060306069,23,383.3667,10-01-2014
303060306070,23,430.9086,10-01-2014
303060306071,23,408.7224,10-01-2014
303060306072,23,506.9756,10-01-2014
303060306073,23,460.407,10-01-2014
303060306074,23,455.2504,10-01-2014
303060306075,23,477.1414,10-01-2014
303060306076,23,343.8162,10-01-2014
303060306077,23,503.8062,10-01-2014
303060306078,23,520.4803,10-01-2014
303060306079,23,538.7391,10-01-2014
303060306080,23,566.1618,10-01-2014
303060306081,23,522.754,10-01-2014
303060306082,23,358.2867,10-01-2014
303060306083,23,516.484,10-01-2014
303060306084,23,601.9905,10-01-2014
303060306085,23,465.7727,10-01-2014
303060306086,23,595.6516,10-01-2014
303060306087,23,621.0072,10-01-2014
303060306088,23,383.3667,10-01-2014
303060306089,23,430.9086,10-01-2014
303060306090,23,408.7224,10-01-2014
303060306091,23,488.8693,10-01-2014
303060306092,23,500.6367,10-01-2014
303060306093,23,434.174,10-01-2014
303060306094,23,438.7996,10-01-2014
303060306095,23,373.8583,10-01-2014
303060306096,23,503.8062,10-01-2014
303060306097,23,478.656,10-01-2014
303060306098,23,538.7391,10-01-2014
303060306099,23,520.6667,10-01-2014
303060306100,23,480.747,10-01-2014
303060306101,23,358.2867,10-01-2014
303080308001,23,45.4748,10-01-2014
303080308002,23,140.1452,10-01-2014
303080308003,23,63.1825,10-01-2014
303080308004,23,52.2961,10-01-2014
303080308005,23,45.4748,10-01-2014
303080308006,23,47.4041,10-01-2014
303080308007,23,50.4284,10-01-2014
303080308008,23,30.1099,10-01-2014
303080308009,23,40.3762,10-01-2014
303080308010,23,33.3482,10-01-2014
303080308011,23,36.4488,10-01-2014
303080308012,23,105.0056,10-01-2014
303080308013,23,89.5717,10-01-2014
303080308014,23,94.7393,10-01-2014
303080308015,23,88.4003,10-01-2014
303080308016,23,85.2432,10-01-2014
303080308017,23,41.8231,10-01-2014
303080308018,23,44.9255,10-01-2014
303080308019,23,59.3929,10-01-2014
303080308020,23,74.6127,10-01-2014
303080308021,23,75.7225,10-01-2014
303080308022,23,87.8344,10-01-2014
303080308023,23,96.7577,10-01-2014
303080308024,23,69.9348,10-01-2014
303080308025,23,54.432,10-01-2014
303080308026,23,60.6602,10-01-2014
303080308027,23,77.6025,10-01-2014
303080308028,23,170.8942,10-01-2014
303080308029,23,55.8789,10-01-2014
303080308030,23,41.8231,10-01-2014
303080308031,23,53.8833,10-01-2014
303080308032,23,52.488,10-01-2014
303080308033,23,33.5199,10-01-2014
303080308034,23,69.6377,10-01-2014
303080308035,23,48.851,10-01-2014
303080308036,23,45.4748,10-01-2014
303080308037,23,140.1452,10-01-2014
303080308038,23,63.1825,10-01-2014
303080308039,23,52.2961,10-01-2014
303080308040,23,45.4748,10-01-2014
303080308041,23,47.4041,10-01-2014
303080308042,23,50.4284,10-01-2014
303080308043,23,30.1099,10-01-2014
303080308044,23,40.3762,10-01-2014
303080308045,23,33.3482,10-01-2014
303080308046,23,36.4488,10-01-2014
303080308047,23,105.0056,10-01-2014
303080308048,23,89.5717,10-01-2014
303080308049,23,94.7393,10-01-2014
303080308050,23,88.4003,10-01-2014
303080308051,23,85.2432,10-01-2014
303080308052,23,41.8231,10-01-2014
303080308053,23,44.9255,10-01-2014
303080308054,23,59.3929,10-01-2014
303080308055,23,74.6127,10-01-2014
303080308056,23,75.7225,10-01-2014
303080308057,23,87.8344,10-01-2014
303080308058,23,96.7577,10-01-2014
303080308059,23,69.9348,10-01-2014
303080308060,23,54.432,10-01-2014
303080308061,23,57.8519,10-01-2014
303080308062,23,74.0098,10-01-2014
303080308063,23,170.8942,10-01-2014
303080308064,23,55.8789,10-01-2014
303080308065,23,41.8231,10-01-2014
303080308066,23,45.4748,10-01-2014
303080308067,23,140.1452,10-01-2014
303080308068,23,63.1825,10-01-2014
303080308069,23,52.2961,10-01-2014
303080308070,23,45.4748,10-01-2014
303080308071,23,47.4041,10-01-2014
303080308072,23,50.4284,10-01-2014
303080308073,23,30.1099,10-01-2014
303080308074,23,40.3762,10-01-2014
303080308075,23,33.3482,10-01-2014
303080308076,23,36.4488,10-01-2014
303080308077,23,105.0056,10-01-2014
303080308078,23,89.5717,10-01-2014
303080308079,23,94.7393,10-01-2014
303080308080,23,88.4003,10-01-2014
303080308081,23,85.2432,10-01-2014
303080308082,23,41.8231,10-01-2014
303080308083,23,44.9255,10-01-2014
303080308084,23,59.3929,10-01-2014
303080308085,23,74.6127,10-01-2014
303080308086,23,75.7225,10-01-2014
303080308087,23,87.8344,10-01-2014
303080308088,23,96.7577,10-01-2014
303080308089,23,69.9348,10-01-2014
303080308090,23,54.432,10-01-2014
303080308091,23,57.8519,10-01-2014
303080308092,23,74.0098,10-01-2014
303080308093,23,170.8942,10-01-2014
303080308094,23,55.8789,10-01-2014
303080308095,23,41.8231,10-01-2014
303080308096,23,50.058,10-01-2014
303080308097,23,75.4672,10-01-2014
303080308098,23,121.9184,10-01-2014
303080308099,23,44.9255,10-01-2014
303080308100,23,94.4637,10-01-2014
303080308101,23,94.4637,10-01-2014
303080308102,23,94.4637,10-01-2014
303080308103,23,94.4637,10-01-2014
303080308104,23,54.7765,10-01-2014
303080308105,23,52.8202,10-01-2014
303080308106,23,54.7765,10-01-2014
303080308107,23,54.7765,10-01-2014
303080308108,23,508.27,10-01-2014
303080308109,23,508.27,10-01-2014
303080308110,23,508.27,10-01-2014
303080308111,23,508.27,10-01-2014
303080308112,23,408.7224,10-01-2014
303080308113,23,408.7224,10-01-2014
303080308114,23,408.7224,10-01-2014
303080308115,23,408.7224,10-01-2014
303080308116,23,91.4886,10-01-2014
303080308117,23,91.4886,10-01-2014
303080308118,23,91.4886,10-01-2014
303080308119,23,91.4886,10-01-2014
303080308120,23,91.4886,10-01-2014
303080308121,23,161.5735,10-01-2014
303080308122,23,161.5735,10-01-2014
303080308123,23,161.5735,10-01-2014
303080308124,23,213.872,10-01-2014
303080308125,23,213.872,10-01-2014
303080308126,23,203.9706,10-01-2014
303080308127,23,221.7932,10-01-2014
303080308128,23,73.6555,10-01-2014
303080308129,23,73.6555,10-01-2014
303080308130,23,73.6555,10-01-2014
303080308131,23,73.6555,10-01-2014
303080308132,23,272.8478,10-01-2014
303080308133,23,272.8478,10-01-2014
303080308134,23,272.8478,10-01-2014
303080308135,23,272.8478,10-01-2014
303080308136,23,272.8478,10-01-2014
303080308137,23,45.6815,10-01-2014
303080308138,23,45.6815,10-01-2014
303080308139,23,45.6815,10-01-2014
303080308140,23,45.6815,10-01-2014
303080308141,23,330.2094,10-01-2014
303080308142,23,330.2094,10-01-2014
303080308143,23,330.2094,10-01-2014
303080308144,23,330.2094,10-01-2014
303080308145,23,175.6294,10-01-2014
303080308146,23,175.6294,10-01-2014
303080308147,23,175.6294,10-01-2014
303080308148,23,175.6294,10-01-2014
303080308149,23,193.7689,10-01-2014
303080308150,23,193.7689,10-01-2014
303080308151,23,193.7689,10-01-2014
303080308152,23,193.7689,10-01-2014
303080308153,23,146.6219,10-01-2014
303080308154,23,146.6219,10-01-2014
303080308155,23,146.6219,10-01-2014
303080308156,23,146.6219,10-01-2014
303080308157,23,154.5456,10-01-2014
303080308158,23,154.5456,10-01-2014
303080308159,23,154.5456,10-01-2014
303080308160,23,154.5456,10-01-2014
303080308161,23,266.9236,10-01-2014
303080308162,23,266.9236,10-01-2014
303080308163,23,266.9236,10-01-2014
303080308164,23,266.9236,10-01-2014
303080308165,23,358.2867,10-01-2014
303080308166,23,358.2867,10-01-2014
303080308167,23,358.2867,10-01-2014
303080308168,23,358.2867,10-01-2014
303080308169,23,279.4378,10-01-2014
303080308170,23,279.4378,10-01-2014
303080308171,23,279.4378,10-01-2014
303080308172,23,279.4378,10-01-2014
303080308173,23,375.8153,10-01-2014
303080308174,23,375.8153,10-01-2014
303080308175,23,375.8153,10-01-2014
303080308176,23,375.8153,10-01-2014
303080308177,23,3.3073,10-01-2014
303080308178,23,3.3073,10-01-2014
303080308179,23,3.3073,10-01-2014
303080308180,23,3.3073,10-01-2014
303080308181,23,6.7105,10-01-2014
303080308182,23,6.7105,10-01-2014
303080308183,23,6.7105,10-01-2014
303080308184,23,6.7105,10-01-2014
303080308185,23,119.4059,10-01-2014
303080308186,23,119.4059,10-01-2014
303080308187,23,119.4059,10-01-2014
303080308188,23,119.4059,10-01-2014
303080308189,23,193.1992,10-01-2014
303080308190,23,193.1992,10-01-2014
303080308191,23,193.1992,10-01-2014
303080308192,23,250.3184,10-01-2014
303080308193,23,250.3184,10-01-2014
303080308194,23,250.3184,10-01-2014
303080308195,23,250.3184,10-01-2014
303080308196,23,335.3253,10-01-2014
303080308197,23,335.3253,10-01-2014
303080308198,23,335.3253,10-01-2014
303080308199,23,147.5176,10-01-2014
303080308200,23,147.5176,10-01-2014
303080308201,23,147.5176,10-01-2014
404010401002,23,440.2349,10-01-2014
404010401003,23,468.9421,10-01-2014
404010401004,23,522.8229,10-01-2014
404010401005,23,595.6516,10-01-2014
404010401006,23,611.7745,10-01-2014
404010401007,23,638.3605,10-01-2014
404010401008,23,987.0797,10-01-2014
404010401009,23,584.5585,10-01-2014
404010401010,23,597.2363,10-01-2014
404010401011,23,592.2065,10-01-2014
404010401012,23,623.9011,10-01-2014
404010401013,23,627.3462,10-01-2014
404010401014,23,527.3015,10-01-2014
404010401015,23,408.7224,10-01-2014
404010401016,23,440.2349,10-01-2014
404010401017,23,468.9421,10-01-2014
404010401018,23,480.8104,10-01-2014
404010401019,23,595.6516,10-01-2014
404010401020,23,589.9254,10-01-2014
404010401021,23,662.0035,10-01-2014
404010401022,23,951.8269,10-01-2014
404010401023,23,537.585,10-01-2014
404010401024,23,597.2363,10-01-2014
404010401025,23,592.2065,10-01-2014
404010401026,23,573.7662,10-01-2014
404010401027,23,627.3462,10-01-2014
404010401028,23,527.3015,10-01-2014
404010401029,23,408.7224,10-01-2014
404010401030,23,456.5399,10-01-2014
404010401031,23,468.9421,10-01-2014
404010401032,23,522.8229,10-01-2014
404010401033,23,595.6516,10-01-2014
404010401034,23,611.7745,10-01-2014
404010401035,23,662.0035,10-01-2014
404010401036,23,987.0797,10-01-2014
404010401037,23,584.5585,10-01-2014
404010401038,23,597.2363,10-01-2014
404010401039,23,592.2065,10-01-2014
404010401040,23,601.6189,10-01-2014
404010401041,23,627.3462,10-01-2014
404010401042,23,527.3015,10-01-2014
404010401043,23,408.7224,10-01-2014
404010401044,23,456.5399,10-01-2014
404010401045,23,468.9421,10-01-2014
404010401046,23,522.8229,10-01-2014
404010401047,23,595.6516,10-01-2014
404010401048,23,611.7745,10-01-2014
404010401049,23,638.3605,10-01-2014
404010401050,23,987.0797,10-01-2014
404010401051,23,537.585,10-01-2014
404010401052,23,597.2363,10-01-2014
404010401053,23,571.0563,10-01-2014
404010401054,23,623.9011,10-01-2014
404010401055,23,604.9409,10-01-2014
404010401056,23,484.9291,10-01-2014
404010401057,23,408.7224,10-01-2014
404010401058,23,456.5399,10-01-2014
404010401059,23,431.2593,10-01-2014
404010401060,23,522.8229,10-01-2014
404010401061,23,595.6516,10-01-2014
404010401062,23,611.7745,10-01-2014
404010401063,23,662.0035,10-01-2014
404010401064,23,987.0797,10-01-2014
404010401065,23,584.5585,10-01-2014
404010401066,23,597.2363,10-01-2014
404010401067,23,592.2065,10-01-2014
404010401068,23,623.9011,10-01-2014
404010401069,23,627.3462,10-01-2014
404010401070,23,527.3015,10-01-2014
404010401071,23,408.7224,10-01-2014
404010401072,23,456.5399,10-01-2014
404010401073,23,452.1942,10-01-2014
404010401074,23,522.8229,10-01-2014
404010401075,23,595.6516,10-01-2014
404010401076,23,611.7745,10-01-2014
404010401077,23,662.0035,10-01-2014
404010401078,23,987.0797,10-01-2014
404010401079,23,584.5585,10-01-2014
404010401080,23,597.2363,10-01-2014
404010401081,23,592.2065,10-01-2014
404010401082,23,601.6189,10-01-2014
404010401083,23,627.3462,10-01-2014
404010401084,23,484.9291,10-01-2014
404010401085,23,408.7224,10-01-2014
404010401086,23,440.2349,10-01-2014
404010401087,23,468.9421,10-01-2014
404010401088,23,504.1507,10-01-2014
404010401089,23,547.7867,10-01-2014
404010401090,23,611.7745,10-01-2014
404010401091,23,662.0035,10-01-2014
404010401092,23,987.0797,10-01-2014
404010401093,23,584.5585,10-01-2014
404010401094,23,597.2363,10-01-2014
404010401095,23,592.2065,10-01-2014
404010401096,23,623.9011,10-01-2014
404010401097,23,627.3462,10-01-2014
404010401098,23,527.3015,10-01-2014
404010401099,23,627.3462,10-01-2014
404010401100,23,527.3015,10-01-2014
404020402001,23,1431.3552,10-01-2014
404020402002,23,1342.3347,10-01-2014
404020402003,23,988.5956,10-01-2014
404020402004,23,1070.9326,10-01-2014
404020402005,23,974.7464,10-01-2014
404020402006,23,1294.3942,10-01-2014
404020402007,23,988.5956,10-01-2014
404020402008,23,1070.9326,10-01-2014
404020402009,23,1431.3552,10-01-2014
404020402010,23,1342.3347,10-01-2014
404020402011,23,988.5956,10-01-2014
404020402012,23,1070.9326,10-01-2014
404020402013,23,1431.3552,10-01-2014
404020402014,23,1342.3347,10-01-2014
404020402015,23,953.2886,10-01-2014
404020402016,23,1070.9326,10-01-2014
404020402017,23,1316.3356,10-01-2014
404020402018,23,1342.3347,10-01-2014
404020402019,23,953.2886,10-01-2014
404020402020,23,1070.9326,10-01-2014
404020402021,23,1380.2354,10-01-2014
404020402022,23,1234.4686,10-01-2014
404020402023,23,988.5956,10-01-2014
404020402024,23,1070.9326,10-01-2014
404020402025,23,896.4186,10-01-2014
404020402026,23,1342.3347,10-01-2014
404020402027,23,988.5956,10-01-2014
404020402028,23,1070.9326,10-01-2014
404020402029,23,974.7464,10-01-2014
404020402030,23,1342.3347,10-01-2014
404020402031,23,988.5956,10-01-2014
404020402032,23,1070.9326,10-01-2014
404020402033,23,1454.1615,10-01-2014
404020402034,23,1296.6532,10-01-2014
404020402035,23,994.9345,10-01-2014
404020402036,23,1134.3218,10-01-2014
404020402037,23,1474.6941,10-01-2014
404020402038,23,1296.6532,10-01-2014
404020402039,23,928.8385,10-01-2014
404020402040,23,1134.3218,10-01-2014
404020402041,23,1474.6941,10-01-2014
404020402042,23,1296.6532,10-01-2014
404020402043,23,963.2399,10-01-2014
404020402044,23,1134.3218,10-01-2014
404020402045,23,1536.3607,10-01-2014
404020402046,23,1296.6532,10-01-2014
404020402047,23,1051.9847,10-01-2014
404020402048,23,1093.8103,10-01-2014
404020402049,23,1536.3607,10-01-2014
404020402050,23,1192.4578,10-01-2014
404020402051,23,1051.9847,10-01-2014
404020402052,23,1093.8103,10-01-2014
404020402053,23,1442.7239,10-01-2014
404020402054,23,1250.3441,10-01-2014
404020402055,23,999.4494,10-01-2014
404020402056,23,1134.3218,10-01-2014
404020402057,23,1442.7239,10-01-2014
404020402058,23,1192.4578,10-01-2014
404020402059,23,1086.7799,10-01-2014
404020402060,23,1134.3218,10-01-2014
404020402061,23,974.7464,10-01-2014
404020402062,23,1296.6532,10-01-2014
404020402063,23,1020.2902,10-01-2014
404020402064,23,1134.3218,10-01-2014
404020402065,23,1435.9027,10-01-2014
404020402066,23,995.7613,10-01-2014
404020402067,23,956.901,10-01-2014
404020402068,23,1039.3069,10-01-2014
404020402069,23,1472.4204,10-01-2014
404020402070,23,995.7613,10-01-2014
404020402071,23,1058.2548,10-01-2014
404020402072,23,1002.1888,10-01-2014
404020402073,23,1472.4204,10-01-2014
404020402074,23,995.7613,10-01-2014
404020402075,23,1058.2548,10-01-2014
404020402076,23,1039.3069,10-01-2014
404020402077,23,1499.8431,10-01-2014
404020402078,23,995.7613,10-01-2014
404020402079,23,1051.9847,10-01-2014
404020402080,23,1039.3069,10-01-2014
404020402081,23,1446.2772,10-01-2014
404020402082,23,995.7613,10-01-2014
404020402083,23,967.4503,10-01-2014
404020402084,23,1039.3069,10-01-2014
404020402085,23,1380.2354,10-01-2014
404020402086,23,995.7613,10-01-2014
404020402087,23,974.6824,10-01-2014
404020402088,23,955.7912,10-01-2014
404020402089,23,1431.3552,10-01-2014
404020402090,23,995.7613,10-01-2014
404020402091,23,929.5582,10-01-2014
404020402092,23,1039.3069,10-01-2014
404020402093,23,1096.9084,10-01-2014
404020402094,23,995.7613,10-01-2014
404020402095,23,1241.7389,10-01-2014
404020402096,23,1039.3069,10-01-2014
404020402097,23,1096.9084,10-01-2014
404020402098,23,995.7613,10-01-2014
404020402099,23,1241.7389,10-01-2014
404020402100,23,1039.3069,10-01-2014
404050405001,23,1901.1241,10-01-2014
404050405002,23,1793.3625,10-01-2014
404050405003,23,2005.6474,10-01-2014
404050405004,23,2075.3755,10-01-2014
404050405005,23,1482.411,10-01-2014
404050405006,23,1517.5507,10-01-2014
404050405007,23,1443.7574,10-01-2014
404050405008,23,1440.2435,10-01-2014
404050405009,23,2282.8372,10-01-2014
404050405010,23,2280.5635,10-01-2014
404050405011,23,2278.2897,10-01-2014
404050405012,23,2237.1557,10-01-2014
404050405013,23,3652.5258,10-01-2014
404050405014,23,3606.9131,10-01-2014
404050405015,23,3561.2316,10-01-2014
404050405016,23,3469.9374,10-01-2014
404050405017,23,2819.9916,10-01-2014
404050405018,23,2788.297,10-01-2014
404050405019,23,2724.9078,10-01-2014
404050405020,23,2693.2132,10-01-2014
404050405021,23,632.307,10-01-2014
404050405022,23,597.1674,10-01-2014
404050405023,23,579.5976,10-01-2014
404050405024,23,562.0277,10-01-2014
404050405025,23,1901.1241,10-01-2014
404050405026,23,1793.3625,10-01-2014
404050405027,23,2005.6474,10-01-2014
404050405028,23,2075.3755,10-01-2014
404050405029,23,1482.411,10-01-2014
404050405030,23,1517.5507,10-01-2014
404050405031,23,1443.7574,10-01-2014
404050405032,23,1440.2435,10-01-2014
404050405033,23,2282.8372,10-01-2014
404050405034,23,2280.5635,10-01-2014
404050405035,23,2278.2897,10-01-2014
404050405036,23,2237.1557,10-01-2014
404050405037,23,3652.5258,10-01-2014
404050405038,23,3606.9131,10-01-2014
404050405039,23,3561.2316,10-01-2014
404050405040,23,3469.9374,10-01-2014
404050405041,23,2819.9916,10-01-2014
404050405042,23,2788.297,10-01-2014
404050405043,23,2724.9078,10-01-2014
404050405044,23,2693.2132,10-01-2014
404050405045,23,632.307,10-01-2014
404050405046,23,597.1674,10-01-2014
404050405047,23,579.5976,10-01-2014
404050405048,23,562.0277,10-01-2014
404050405049,23,1901.1241,10-01-2014
404050405050,23,1793.3625,10-01-2014
404050405051,23,2005.6474,10-01-2014
404050405052,23,2075.3755,10-01-2014
404050405053,23,1482.411,10-01-2014
404050405054,23,1517.5507,10-01-2014
404050405055,23,1443.7574,10-01-2014
404050405056,23,1440.2435,10-01-2014
404050405057,23,2282.8372,10-01-2014
404050405058,23,2280.5635,10-01-2014
404050405059,23,2278.2897,10-01-2014
404050405060,23,2237.1557,10-01-2014
404050405061,23,3652.5258,10-01-2014
404050405062,23,3606.9131,10-01-2014
404050405063,23,3561.2316,10-01-2014
404050405064,23,3469.9374,10-01-2014
404050405065,23,2819.9916,10-01-2014
404050405066,23,2788.297,10-01-2014
404050405067,23,2724.9078,10-01-2014
404050405068,23,2693.2132,10-01-2014
404050405069,23,632.307,10-01-2014
404050405070,23,597.1674,10-01-2014
404050405071,23,579.5976,10-01-2014
404050405072,23,562.0277,10-01-2014
404050405073,23,1964.5133,10-01-2014
404050405074,23,1761.6679,10-01-2014
404050405075,23,2021.4947,10-01-2014
404050405076,23,2031.8175,10-01-2014
404050405077,23,1531.0553,10-01-2014
404050405078,23,1693.1801,10-01-2014
404050405079,23,1459.964,10-01-2014
404050405080,23,1615.8728,10-01-2014
404050405081,23,2351.3251,10-01-2014
404050405082,23,2282.8372,10-01-2014
404050405083,23,2280.5635,10-01-2014
404050405084,23,2255.4145,10-01-2014
404050405085,23,3698.2073,10-01-2014
404050405086,23,3561.2316,10-01-2014
404050405087,23,3492.7437,10-01-2014
404050405088,23,3424.2558,10-01-2014
404050405089,23,2813.6527,10-01-2014
404050405090,23,2558.4079,10-01-2014
404050405091,23,2712.23,10-01-2014
404050405092,23,2655.2486,10-01-2014
404050405093,23,660.4188,10-01-2014
404050405094,23,625.2791,10-01-2014
404050405095,23,590.1395,10-01-2014
404050405096,23,554.9998,10-01-2014
404050405097,23,2558.4079,10-01-2014
404050405098,23,2712.23,10-01-2014
404050405099,23,2655.2486,10-01-2014
404050405100,23,660.4188,10-01-2014
404050405101,23,625.2791,10-01-2014
404050405102,23,590.1395,10-01-2014
404050405103,23,554.9998,10-01-2014
404060406001,23,175.6294,10-01-2014
404060406002,23,175.6294,10-01-2014
404060406003,23,175.6294,10-01-2014
404060406004,23,210.7001,10-01-2014
404060406005,23,210.7001,10-01-2014
404060406006,23,210.7001,10-01-2014
404060406007,23,70.2104,10-01-2014
404060406008,23,70.2104,10-01-2014
404060406009,23,70.2104,10-01-2014
404060406010,23,70.2104,10-01-2014
404060406011,23,135.4722,10-01-2014
404060406012,23,135.4722,10-01-2014
404060406013,23,135.4722,10-01-2014
404060406014,23,129.9478,10-01-2014
404060406015,23,129.9478,10-01-2014
404060406016,23,129.9478,10-01-2014
404060406017,23,226.0848,10-01-2014
404060406018,23,226.0848,10-01-2014
404060406019,23,226.0848,10-01-2014
404060406020,23,175.4916,10-01-2014
404060406021,23,175.4916,10-01-2014
404060406022,23,175.4916,10-01-2014
404060406023,23,175.4916,10-01-2014
404060406024,23,24.3911,10-01-2014
404060406025,23,24.3911,10-01-2014
404060406026,23,24.3911,10-01-2014
404060406027,23,24.3911,10-01-2014
404060406028,23,176.5989,10-01-2014
404060406029,23,176.5989,10-01-2014
404060406030,23,176.5989,10-01-2014
404060406031,23,176.5989,10-01-2014
404060406032,23,48.4105,10-01-2014
404060406033,23,48.4105,10-01-2014
404060406034,23,48.4105,10-01-2014
404060406035,23,48.4105,10-01-2014
404060406036,23,87.7802,10-01-2014
404060406037,23,87.7802,10-01-2014
404060406038,23,87.7802,10-01-2014
404060406039,23,87.7802,10-01-2014
404060406040,23,273.9515,10-01-2014
404060406041,23,273.9515,10-01-2014
404060406042,23,273.9515,10-01-2014
404060406043,23,273.9515,10-01-2014
404060406044,23,769.5627,10-01-2014
404060406045,23,769.5627,10-01-2014
404060406046,23,769.5627,10-01-2014
404060406047,23,1358.3198,10-01-2014
404060406048,23,1249.1691,10-01-2014
404060406049,23,1249.1691,10-01-2014
404060406050,23,79.2365,10-01-2014
404060406051,23,79.2365,10-01-2014
404060406052,23,79.2365,10-01-2014
404060406053,23,79.2365,10-01-2014
404060406054,23,301.0297,10-01-2014
404060406055,23,301.0297,10-01-2014
404060406056,23,301.0297,10-01-2014
404060406057,23,301.0297,10-01-2014
404060406058,23,215.4543,10-01-2014
404060406059,23,215.4543,10-01-2014
404060406060,23,215.4543,10-01-2014
404060406061,23,215.4543,10-01-2014
404060406062,23,98.391,10-01-2014
404060406063,23,98.391,10-01-2014
404060406064,23,98.391,10-01-2014
404060406065,23,98.391,10-01-2014
404060406066,23,597.3378,10-01-2014
404060406067,23,597.3378,10-01-2014
404060406068,23,597.3378,10-01-2014
404060406069,23,597.3378,10-01-2014
505010501001,23,35.0708,10-01-2014
505010501002,23,45.6126,10-01-2014
505010501003,23,59.6685,10-01-2014
505010501004,23,72.8287,10-01-2014
505010501005,23,85.5065,10-01-2014
505010501006,23,91.8454,10-01-2014
505010501007,23,100.7903,10-01-2014
505010501008,23,114.0316,10-01-2014
505010501009,23,123.54,10-01-2014
505010501010,23,126.7095,10-01-2014
505010501011,23,98.1154,10-01-2014
505010501012,23,107.2793,10-01-2014
505010501013,23,114.1005,10-01-2014
505010501014,23,53.8119,10-01-2014
505010501015,23,72.8287,10-01-2014
505010501016,23,82.4527,10-01-2014
505010501017,23,91.8454,10-01-2014
505010501018,23,96.1241,10-01-2014
505010501019,23,114.0316,10-01-2014
505010501020,23,122.7821,10-01-2014
505010501021,23,138.8361,10-01-2014
505010501022,23,144.9732,10-01-2014
505010501023,23,96.1241,10-01-2014
505010501024,23,114.0316,10-01-2014
505010501025,23,49.8156,10-01-2014
505010501026,23,51.7055,10-01-2014
505010501027,23,95.9106,10-01-2014
505010501028,23,70.7616,10-01-2014
505010501029,23,56.2234,10-01-2014
505010501030,23,69.7281,10-01-2014
505010501031,23,72.8976,10-01-2014
505010501032,23,66.5586,10-01-2014
505010501033,23,72.8287,10-01-2014
505010501034,23,35.0708,10-01-2014
505010501035,23,45.6126,10-01-2014
505010501036,23,59.6685,10-01-2014
505010501037,23,72.8287,10-01-2014
505010501038,23,85.5065,10-01-2014
505010501039,23,91.8454,10-01-2014
505010501040,23,100.7903,10-01-2014
505010501041,23,114.0316,10-01-2014
505010501042,23,123.54,10-01-2014
505010501043,23,126.7095,10-01-2014
505010501044,23,98.1154,10-01-2014
505010501045,23,107.2793,10-01-2014
505010501046,23,114.1005,10-01-2014
505010501047,23,53.8119,10-01-2014
505010501048,23,72.8287,10-01-2014
505010501049,23,82.4527,10-01-2014
505010501050,23,91.8454,10-01-2014
505010501051,23,96.1241,10-01-2014
505010501052,23,114.0316,10-01-2014
505010501053,23,122.7821,10-01-2014
505010501054,23,138.8361,10-01-2014
505010501055,23,144.9732,10-01-2014
505010501056,23,96.1241,10-01-2014
505010501057,23,114.0316,10-01-2014
505010501058,23,49.8156,10-01-2014
505010501059,23,51.7055,10-01-2014
505010501060,23,95.9106,10-01-2014
505010501061,23,70.7616,10-01-2014
505010501062,23,56.2234,10-01-2014
505010501063,23,69.7281,10-01-2014
505010501064,23,72.8976,10-01-2014
505010501065,23,66.5586,10-01-2014
505010501066,23,72.8287,10-01-2014
505010501067,23,35.0708,10-01-2014
505010501068,23,45.6126,10-01-2014
505010501069,23,59.6685,10-01-2014
505010501070,23,72.8287,10-01-2014
505010501071,23,85.5065,10-01-2014
505010501072,23,91.8454,10-01-2014
505010501073,23,100.7903,10-01-2014
505010501074,23,114.0316,10-01-2014
505010501075,23,123.54,10-01-2014
505010501076,23,126.7095,10-01-2014
505010501077,23,98.1154,10-01-2014
505010501078,23,107.2793,10-01-2014
505010501079,23,114.1005,10-01-2014
505010501080,23,53.8119,10-01-2014
505010501081,23,72.8287,10-01-2014
505010501082,23,82.4527,10-01-2014
505010501083,23,91.8454,10-01-2014
505010501084,23,96.1241,10-01-2014
505010501085,23,114.0316,10-01-2014
505010501086,23,122.7821,10-01-2014
505010501087,23,138.8361,10-01-2014
505010501088,23,144.9732,10-01-2014
505010501089,23,96.1241,10-01-2014
505010501090,23,114.0316,10-01-2014
505010501091,23,49.8156,10-01-2014
505010501092,23,51.7055,10-01-2014
505030503001,23,1164.503,10-01-2014
505030503002,23,1344.6085,10-01-2014
505030503003,23,728.7688,10-01-2014
505030503004,23,849.1394,10-01-2014
505030503005,23,915.698,10-01-2014
505030503006,23,913.5572,10-01-2014
505030503007,23,745.9911,10-01-2014
505030503008,23,950.5621,10-01-2014
505030503009,23,975.9177,10-01-2014
505030503010,23,780.905,10-01-2014
505030503011,23,928.3758,10-01-2014
505030503012,23,817.5137,10-01-2014
505030503013,23,630.5156,10-01-2014
505030503014,23,918.8675,10-01-2014
505030503015,23,953.7315,10-01-2014
505030503016,23,598.821,10-01-2014
505030503017,23,633.6851,10-01-2014
505030503018,23,1164.503,10-01-2014
505030503019,23,1344.6085,10-01-2014
505030503020,23,728.7688,10-01-2014
505030503021,23,849.1394,10-01-2014
505030503022,23,915.698,10-01-2014
505030503023,23,913.5572,10-01-2014
505030503024,23,745.9911,10-01-2014
505030503025,23,950.5621,10-01-2014
505030503026,23,975.9177,10-01-2014
505030503027,23,780.905,10-01-2014
505030503028,23,928.3758,10-01-2014
505030503029,23,817.5137,10-01-2014
505030503030,23,630.5156,10-01-2014
505030503031,23,918.8675,10-01-2014
505030503032,23,953.7315,10-01-2014
505030503033,23,598.821,10-01-2014
505030503034,23,633.6851,10-01-2014
505030503035,23,1164.503,10-01-2014
505030503036,23,1344.6085,10-01-2014
505030503037,23,728.7688,10-01-2014
505030503038,23,849.1394,10-01-2014
505030503039,23,915.698,10-01-2014
505030503040,23,913.5572,10-01-2014
505030503041,23,745.9911,10-01-2014
505030503042,23,950.5621,10-01-2014
505030503043,23,975.9177,10-01-2014
505030503044,23,780.905,10-01-2014
505030503045,23,928.3758,10-01-2014
505030503046,23,817.5137,10-01-2014
505030503047,23,630.5156,10-01-2014
505030503048,23,918.8675,10-01-2014
505030503049,23,953.7315,10-01-2014
505030503050,23,598.821,10-01-2014
505030503051,23,633.6851,10-01-2014
505030503052,23,745.9911,10-01-2014
505030503053,23,950.5621,10-01-2014
505030503054,23,975.9177,10-01-2014
505030503055,23,780.905,10-01-2014
505030503056,23,928.3758,10-01-2014
505030503057,23,817.5137,10-01-2014
505030503058,23,630.5156,10-01-2014
505030503059,23,918.8675,10-01-2014
505030503060,23,953.7315,10-01-2014
505030503061,23,598.821,10-01-2014
505030503062,23,633.6851,10-01-2014
505040504001,23,453.1637,10-01-2014
505040504002,23,667.2923,10-01-2014
505040504003,23,696.44,10-01-2014
505040504004,23,852.3088,10-01-2014
505040504005,23,659.0407,10-01-2014
505040504006,23,728.7688,10-01-2014
505040504007,23,839.2004,10-01-2014
505040504008,23,845.9699,10-01-2014
505040504009,23,950.5621,10-01-2014
505040504010,23,982.2566,10-01-2014
505040504011,23,453.1637,10-01-2014
505040504012,23,667.2923,10-01-2014
505040504013,23,696.44,10-01-2014
505040504014,23,852.3088,10-01-2014
505040504015,23,659.0407,10-01-2014
505040504016,23,728.7688,10-01-2014
505040504017,23,839.2004,10-01-2014
505040504018,23,845.9699,10-01-2014
505040504019,23,950.5621,10-01-2014
505040504020,23,982.2566,10-01-2014
505040504021,23,453.1637,10-01-2014
505040504022,23,667.2923,10-01-2014
505040504023,23,696.44,10-01-2014
505040504024,23,852.3088,10-01-2014
505040504025,23,659.0407,10-01-2014
505040504026,23,728.7688,10-01-2014
505040504027,23,839.2004,10-01-2014
505040504028,23,845.9699,10-01-2014
505040504029,23,950.5621,10-01-2014
505040504030,23,982.2566,10-01-2014
505040504031,23,453.1637,10-01-2014
505040504032,23,667.2923,10-01-2014
505040504033,23,696.44,10-01-2014
505040504034,23,852.3088,10-01-2014
505040504035,23,659.0407,10-01-2014
505040504036,23,728.7688,10-01-2014
505040504037,23,839.2004,10-01-2014
505040504038,23,845.9699,10-01-2014
505040504039,23,950.5621,10-01-2014
505040504040,23,982.2566,10-01-2014
505040504041,23,453.1637,10-01-2014
505040504042,23,667.2923,10-01-2014
505040504043,23,696.44,10-01-2014
505040504044,23,852.3088,10-01-2014
505040504045,23,659.0407,10-01-2014
505040504046,23,728.7688,10-01-2014
505040504047,23,839.2004,10-01-2014
505040504048,23,845.9699,10-01-2014
505040504049,23,950.5621,10-01-2014
505040504050,23,982.2566,10-01-2014
505040504051,23,887.1729,10-01-2014
505040504052,23,982.2566,10-01-2014
505040504053,23,867.4671,10-01-2014
505040504054,23,947.3926,10-01-2014
505040504055,23,1045.6458,10-01-2014
505040504056,23,917.6961,10-01-2014
505040504057,23,727.1915,10-01-2014
505040504058,23,849.1394,10-01-2014
505040504059,23,689.4262,10-01-2014
505040504060,23,808.0053,10-01-2014
505040504061,23,842.8005,10-01-2014
505040504062,23,887.9997,10-01-2014
505040504063,23,887.1729,10-01-2014
505040504064,23,913.5572,10-01-2014
505040504065,23,908.6012,10-01-2014
505040504066,23,849.1394,10-01-2014
505040504067,23,868.3481,10-01-2014
505040504068,23,840.1133,10-01-2014
505040504069,23,855.4881,10-01-2014
505040504070,23,947.1761,10-01-2014
505040504071,23,797.7599,10-01-2014
505040504072,23,947.3926,10-01-2014
505040504073,23,1045.6458,10-01-2014
505040504074,23,843.9527,10-01-2014
505040504075,23,693.5252,10-01-2014
505040504076,23,849.1394,10-01-2014
505040504077,23,689.4262,10-01-2014
505040504078,23,808.0053,10-01-2014
505040504079,23,775.0754,10-01-2014
505040504080,23,887.9997,10-01-2014
505040504081,23,887.1729,10-01-2014
505040504082,23,913.5572,10-01-2014
505040504083,23,908.6012,10-01-2014
505040504084,23,849.1394,10-01-2014
505040504085,23,944.2231,10-01-2014
505040504086,23,772.6042,10-01-2014
505040504087,23,815.8822,10-01-2014
505040504088,23,982.2566,10-01-2014
505040504089,23,867.4671,10-01-2014
505040504090,23,947.3926,10-01-2014
505040504091,23,961.6207,10-01-2014
505040504092,23,917.6961,10-01-2014
505040504093,23,754.1245,10-01-2014
505040504094,23,818.813,10-01-2014
505040504095,23,689.4262,10-01-2014
505040504096,23,743.0763,10-01-2014
505040504097,23,775.0754,10-01-2014
505040504098,23,887.9997,10-01-2014
505040504099,23,887.1729,10-01-2014
505040504100,23,871.2628,10-01-2014
505040504101,23,835.5886,10-01-2014
606020602001,23,166.0785,10-01-2014
606020602002,23,168.9933,10-01-2014
606020602003,23,171.9081,10-01-2014
606020602004,23,174.8228,10-01-2014
606020602005,23,177.7376,10-01-2014
606020602006,23,45.6126,10-01-2014
606020602007,23,499.9477,10-01-2014
606020602008,23,499.9477,10-01-2014
606020602009,23,499.9477,10-01-2014
606020602010,23,499.9477,10-01-2014
606020602011,23,499.9477,10-01-2014
606020602012,23,56.9814,10-01-2014
606020602013,23,44.0279,10-01-2014
606020602014,23,35.0708,10-01-2014
606020602015,23,52.2272,10-01-2014
606020602016,23,40.1005,10-01-2014
606020602017,23,56.9814,10-01-2014
606020602018,23,44.0279,10-01-2014
606020602019,23,35.0708,10-01-2014
606020602020,23,52.2272,10-01-2014
606020602021,23,40.1005,10-01-2014
606020602022,23,56.9814,10-01-2014
606020602023,23,44.0279,10-01-2014
606020602024,23,35.0708,10-01-2014
606020602025,23,52.2272,10-01-2014
606020602026,23,40.1005,10-01-2014
606020602027,23,176.8647,10-01-2014
606020602028,23,176.8647,10-01-2014
606020602029,23,176.8647,10-01-2014
606020602030,23,176.8647,10-01-2014
606020602031,23,506.9067,10-01-2014
606020602032,23,570.2959,10-01-2014
606020602033,23,386.3984,10-01-2014
606020602034,23,593.5156,10-01-2014
606020602035,23,662.0035,10-01-2014
606020602036,23,506.9067,10-01-2014
606020602037,23,570.2959,10-01-2014
606020602038,23,386.3984,10-01-2014
606020602039,23,593.5156,10-01-2014
606020602040,23,662.0035,10-01-2014
606020602041,23,506.9067,10-01-2014
606020602042,23,570.2959,10-01-2014
606020602043,23,386.3984,10-01-2014
606020602044,23,593.5156,10-01-2014
606020602045,23,662.0035,10-01-2014
606020602046,23,166.0785,10-01-2014
606020602047,23,168.9933,10-01-2014
606020602048,23,171.9081,10-01-2014
606020602049,23,174.8228,10-01-2014
606020602050,23,177.7376,10-01-2014
606020602051,23,45.6126,10-01-2014
606020602052,23,499.9477,10-01-2014
606020602053,23,499.9477,10-01-2014
606020602054,23,499.9477,10-01-2014
606020602055,23,499.9477,10-01-2014
606020602056,23,499.9477,10-01-2014
606020602057,23,56.9814,10-01-2014
606020602058,23,44.0279,10-01-2014
606020602059,23,35.0708,10-01-2014
606020602060,23,52.2272,10-01-2014
606020602061,23,40.1005,10-01-2014
606020602062,23,56.9814,10-01-2014
606020602063,23,44.0279,10-01-2014
606020602064,23,35.0708,10-01-2014
606020602065,23,52.2272,10-01-2014
606020602066,23,40.1005,10-01-2014
606020602067,23,56.9814,10-01-2014
606020602068,23,44.0279,10-01-2014
606020602069,23,35.0708,10-01-2014
606020602070,23,52.2272,10-01-2014
606020602071,23,40.1005,10-01-2014
606020602072,23,176.8647,10-01-2014
606020602073,23,176.8647,10-01-2014
606020602074,23,176.8647,10-01-2014
606020602075,23,176.8647,10-01-2014
606020602076,23,506.9067,10-01-2014
606020602077,23,570.2959,10-01-2014
606020602078,23,386.3984,10-01-2014
606020602079,23,593.5156,10-01-2014
606020602080,23,662.0035,10-01-2014
606020602081,23,506.9067,10-01-2014
606020602082,23,570.2959,10-01-2014
606020602083,23,386.3984,10-01-2014
606020602084,23,593.5156,10-01-2014
606020602085,23,662.0035,10-01-2014
606020602086,23,506.9067,10-01-2014
606020602087,23,570.2959,10-01-2014
606020602088,23,386.3984,10-01-2014
606020602089,23,593.5156,10-01-2014
606020602090,23,662.0035,10-01-2014
707010701001,23,18.6033,10-01-2014
707010701002,23,24.5289,10-01-2014
707010701003,23,20.0866,10-01-2014
707010701004,23,28.4562,10-01-2014
707010701005,23,17.5009,10-01-2014
707010701006,23,38.5847,10-01-2014
707010701007,23,18.6033,10-01-2014
707010701008,23,24.5289,10-01-2014
707010701009,23,20.0866,10-01-2014
707010701010,23,28.4562,10-01-2014
707010701011,23,17.5009,10-01-2014
707010701012,23,38.5847,10-01-2014
707010701013,23,18.6033,10-01-2014
707010701014,23,24.5289,10-01-2014
707010701015,23,20.0866,10-01-2014
707010701016,23,28.4562,10-01-2014
707010701017,23,17.5009,10-01-2014
707010701018,23,38.5847,10-01-2014
707010701019,23,18.6033,10-01-2014
707010701020,23,24.5289,10-01-2014
707010701021,23,20.0866,10-01-2014
707010701022,23,28.4562,10-01-2014
707010701023,23,17.5009,10-01-2014
707010701024,23,38.5847,10-01-2014
707010701025,23,18.9479,10-01-2014
707010701026,23,24.5289,10-01-2014
707010701027,23,20.0232,10-01-2014
707010701028,23,28.1117,10-01-2014
707010701029,23,17.5009,10-01-2014
707010701030,23,38.7914,10-01-2014
707010701031,23,18.9479,10-01-2014
707010701032,23,24.5289,10-01-2014
707010701033,23,20.0232,10-01-2014
707010701034,23,28.1117,10-01-2014
707010701035,23,17.5009,10-01-2014
707010701036,23,38.7914,10-01-2014
707010701037,23,18.9479,10-01-2014
707010701038,23,24.5289,10-01-2014
707010701039,23,20.0232,10-01-2014
707010701040,23,28.1117,10-01-2014
707010701041,23,17.5009,10-01-2014
707010701042,23,38.7914,10-01-2014
707010701043,23,18.9479,10-01-2014
707010701044,23,24.5289,10-01-2014
707010701045,23,20.0232,10-01-2014
707010701046,23,28.1117,10-01-2014
707020702001,23,222.2066,10-01-2014
707020702002,23,222.2066,10-01-2014
707020702003,23,222.2066,10-01-2014
707020702004,23,222.2066,10-01-2014
707020702005,23,222.2066,10-01-2014
707020702006,23,222.2066,10-01-2014
707020702007,23,222.2066,10-01-2014
707020702008,23,222.2066,10-01-2014
707020702009,23,222.2066,10-01-2014
707020702010,23,222.2066,10-01-2014
707020702011,23,222.2066,10-01-2014
707020702012,23,222.2066,10-01-2014
707020702013,23,222.2066,10-01-2014
707020702014,23,222.2066,10-01-2014
707020702015,23,222.2066,10-01-2014
707020702016,23,196.7132,10-01-2014
707020702017,23,196.7132,10-01-2014
707020702018,23,196.7132,10-01-2014
707020702019,23,180.9058,10-01-2014
707020702020,23,180.9058,10-01-2014
707020702021,23,177.4208,10-01-2014
707020702022,23,252.8677,10-01-2014
707020702023,23,226.3382,10-01-2014
707020702024,23,246.1154,10-01-2014
707020702025,23,229.5791,10-01-2014
707020702026,23,229.5791,10-01-2014
707020702027,23,80.0633,10-01-2014
707020702028,23,98.391,10-01-2014
707020702029,23,98.391,10-01-2014
707020702030,23,98.391,10-01-2014
707020702031,23,98.391,10-01-2014
707020702032,23,90.4846,10-01-2014
707020702033,23,90.4846,10-01-2014
707020702034,23,98.391,10-01-2014
707020702035,23,98.391,10-01-2014
707020702036,23,98.391,10-01-2014
707020702037,23,98.391,10-01-2014
707020702038,23,98.391,10-01-2014
707020702039,23,248.8025,10-01-2014
707020702040,23,248.8025,10-01-2014
707020702041,23,248.8025,10-01-2014
707020702042,23,248.8025,10-01-2014
707020702043,23,248.8025,10-01-2014
707020702044,23,248.8025,10-01-2014
707020702045,23,248.8025,10-01-2014
707020702046,23,282.0129,10-01-2014
707020702047,23,282.0129,10-01-2014
707020702048,23,282.0129,10-01-2014
707020702049,23,227.9943,10-01-2014
707020702050,23,227.9943,10-01-2014
707020702051,23,196.3686,10-01-2014
707020702052,23,177.5586,10-01-2014
707020702053,23,239.4319,10-01-2014
707020702054,23,300.4096,10-01-2014
707020702055,23,232.5418,10-01-2014
707020702056,23,110.242,10-01-2014
707020702057,23,316.0502,10-01-2014
707020702058,23,151.1879,10-01-2014
707020702059,23,1257.0897,10-01-2014
707020702060,23,157.3342,10-01-2014
707020702061,23,99.1022,10-01-2014
707020702062,23,99.1022,10-01-2014
707020702063,23,107.7616,10-01-2014
707020702064,23,119.4059,10-01-2014
707020702065,23,119.4059,10-01-2014
707020702066,23,119.4059,10-01-2014
707020702067,23,151.0316,10-01-2014
707020702068,23,151.0316,10-01-2014
707020702069,23,151.0316,10-01-2014
707020702070,23,151.0316,10-01-2014
707020702071,23,145.6376,10-01-2014
707020702072,23,138.8951,10-01-2014
707020702073,23,145.6376,10-01-2014
707020702074,23,151.0316,10-01-2014
707020702075,23,138.8951,10-01-2014
707020702076,23,151.0316,10-01-2014
707020702077,23,151.0316,10-01-2014
707020702078,23,151.0316,10-01-2014
707020702079,23,151.0316,10-01-2014
707020702080,23,151.0316,10-01-2014
707020702081,23,151.0316,10-01-2014
707020702082,23,151.0316,10-01-2014
707020702083,23,151.0316,10-01-2014
707020702084,23,151.0316,10-01-2014
707020702085,23,151.0316,10-01-2014
707020702086,23,151.0316,10-01-2014
707020702087,23,151.0316,10-01-2014
707020702088,23,138.8951,10-01-2014
707020702089,23,138.8951,10-01-2014
707020702090,23,151.0316,10-01-2014
707020702091,23,151.0316,10-01-2014
707020702092,23,151.0316,10-01-2014
707020702093,23,91.3631,10-01-2014
707020702094,23,103.3476,10-01-2014
707020702095,23,112.378,10-01-2014
707020702096,23,112.378,10-01-2014
707020702097,23,112.378,10-01-2014
707020702098,23,112.378,10-01-2014
707020702099,23,112.378,10-01-2014
707020702100,23,112.378,10-01-2014
707020702101,23,112.378,10-01-2014
707020702102,23,112.378,10-01-2014
707020702103,23,112.378,10-01-2014
707020702104,23,112.378,10-01-2014
707020702105,23,108.3645,10-01-2014
707020702106,23,103.3476,10-01-2014
707020702107,23,108.3645,10-01-2014
707020702108,23,112.378,10-01-2014
707020702109,23,103.3476,10-01-2014
707020702110,23,112.378,10-01-2014
707020702111,23,112.378,10-01-2014
707020702112,23,112.378,10-01-2014
707020702113,23,112.378,10-01-2014
707020702114,23,112.378,10-01-2014
707020702115,23,112.378,10-01-2014
707020702116,23,112.378,10-01-2014
707020702117,23,103.3476,10-01-2014
707020702118,23,112.378,10-01-2014
707020702119,23,112.378,10-01-2014
707020702120,23,112.378,10-01-2014
808010801001,23,5567.5913,10-01-2014
808010801002,23,6077.115,10-01-2014
808010801003,23,5760.3537,10-01-2014
808010801004,23,5616.9701,10-01-2014
808010801005,23,3509.28,10-01-2014
808010801006,23,5567.5913,10-01-2014
808010801007,23,6077.115,10-01-2014
808010801008,23,5760.3537,10-01-2014
808010801009,23,5616.9701,10-01-2014
808010801010,23,3509.28,10-01-2014
808010801011,23,5567.5913,10-01-2014
808010801012,23,6077.115,10-01-2014
808010801013,23,5760.3537,10-01-2014
808010801014,23,5616.9701,10-01-2014
808010801015,23,3509.28,10-01-2014
808010801016,23,5567.5913,10-01-2014
808010801017,23,6077.115,10-01-2014
808010801018,23,5760.3537,10-01-2014
808010801019,23,5616.9701,10-01-2014
808010801020,23,3509.28,10-01-2014
808010801021,23,6056.1469,10-01-2014
808010801022,23,6079.8391,10-01-2014
808010801023,23,5763.2476,10-01-2014
808010801024,23,5620.1396,10-01-2014
808010801025,23,3512.4495,10-01-2014
808010801026,23,6056.1469,10-01-2014
808010801027,23,6079.8391,10-01-2014
808010801028,23,5763.2476,10-01-2014
808010801029,23,5620.1396,10-01-2014
808010801030,23,3512.4495,10-01-2014
808010801031,23,6056.1469,10-01-2014
808010801032,23,6079.8391,10-01-2014
808010801033,23,5763.2476,10-01-2014
808010801034,23,5620.1396,10-01-2014
808010801035,23,3512.4495,10-01-2014
808010801036,23,6056.1469,10-01-2014
808010801037,23,6079.8391,10-01-2014
808010801038,23,5763.2476,10-01-2014
808010801039,23,5620.1396,10-01-2014
808010801040,23,3512.4495,10-01-2014
808010801041,23,5567.5913,10-01-2014
808010801042,23,6077.115,10-01-2014
808010801043,23,5760.3537,10-01-2014
808010801044,23,5616.9701,10-01-2014
808010801045,23,3509.28,10-01-2014
808010801046,23,5567.5913,10-01-2014
808010801047,23,6077.115,10-01-2014
808010801048,23,5760.3537,10-01-2014
808010801049,23,5616.9701,10-01-2014
808010801050,23,3509.28,10-01-2014
808010801051,23,5567.5913,10-01-2014
808010801052,23,6077.115,10-01-2014
808010801053,23,5760.3537,10-01-2014
808010801054,23,5616.9701,10-01-2014
808010801055,23,3509.28,10-01-2014
808010801056,23,5567.5913,10-01-2014
808010801057,23,6077.115,10-01-2014
808010801058,23,5760.3537,10-01-2014
808010801059,23,5616.9701,10-01-2014
808010801060,23,3509.28,10-01-2014
808010801061,23,5567.5913,10-01-2014
808010801062,23,6077.115,10-01-2014
808010801063,23,5760.3537,10-01-2014
808010801064,23,5616.9701,10-01-2014
808010801065,23,3509.28,10-01-2014
808010801066,23,5567.5913,10-01-2014
808010801067,23,6077.115,10-01-2014
808010801068,23,5760.3537,10-01-2014
808010801069,23,5616.9701,10-01-2014
808010801070,23,3509.28,10-01-2014
808020802001,23,6718.0384,10-01-2014
808020802002,23,2746.784,10-01-2014
808020802003,23,1562.0609,10-01-2014
808020802004,23,1053.7762,10-01-2014
808020802005,23,983.5658,10-01-2014
808020802006,23,456.6088,10-01-2014
808020802007,23,6718.0384,10-01-2014
808020802008,23,2746.784,10-01-2014
808020802009,23,1562.0609,10-01-2014
808020802010,23,1053.7762,10-01-2014
808020802011,23,983.5658,10-01-2014
808020802012,23,456.6088,10-01-2014
808020802013,23,6718.0384,10-01-2014
808020802014,23,2746.784,10-01-2014
808020802015,23,1562.0609,10-01-2014
808020802016,23,1053.7762,10-01-2014
808020802017,23,983.5658,10-01-2014
808020802018,23,456.6088,10-01-2014
808020802019,23,6718.0384,10-01-2014
808020802020,23,2746.784,10-01-2014
808020802021,23,1562.0609,10-01-2014
808020802022,23,1053.7762,10-01-2014
808020802023,23,983.5658,10-01-2014
808020802024,23,456.6088,10-01-2014
808020802025,23,6718.0384,10-01-2014
808020802026,23,2746.784,10-01-2014
808020802027,23,1562.0609,10-01-2014
808020802028,23,1053.7762,10-01-2014
808020802029,23,983.5658,10-01-2014
808020802030,23,456.6088,10-01-2014
808020802031,23,6718.0384,10-01-2014
808020802032,23,2746.784,10-01-2014
808020802033,23,1562.0609,10-01-2014
808020802034,23,1053.7762,10-01-2014
808020802035,23,983.5658,10-01-2014
808020802036,23,456.6088,10-01-2014
808020802037,23,6718.0384,10-01-2014
808020802038,23,2746.784,10-01-2014
808020802039,23,1562.0609,10-01-2014
808020802040,23,1053.7762,10-01-2014
808020802041,23,983.5658,10-01-2014
808020802042,23,456.6088,10-01-2014
808020802043,23,7305.0515,10-01-2014
808020802044,23,2746.784,10-01-2014
808020802045,23,1562.0609,10-01-2014
808020802046,23,1053.7762,10-01-2014
808020802047,23,983.5658,10-01-2014
808020802048,23,456.6088,10-01-2014
808020802049,23,7305.0515,10-01-2014
808020802050,23,2746.784,10-01-2014
808020802051,23,1562.0609,10-01-2014
808020802052,23,1053.7762,10-01-2014
808020802053,23,983.5658,10-01-2014
808020802054,23,456.6088,10-01-2014
808020802055,23,7305.0515,10-01-2014
808020802056,23,2746.784,10-01-2014
808020802057,23,1562.0609,10-01-2014
808020802058,23,1053.7762,10-01-2014
808020802059,23,983.5658,10-01-2014
808020802060,23,456.6088,10-01-2014
808020802061,23,7305.0515,10-01-2014
808020802062,23,2746.784,10-01-2014
808020802063,23,1562.0609,10-01-2014
808020802064,23,1053.7762,10-01-2014
808020802065,23,983.5658,10-01-2014
808020802066,23,456.6088,10-01-2014
808020802067,23,7305.0515,10-01-2014
808020802068,23,2746.784,10-01-2014
808020802069,23,1562.0609,10-01-2014
808020802070,23,1053.7762,10-01-2014
808020802071,23,983.5658,10-01-2014
808020802072,23,456.6088,10-01-2014
808020802073,23,7305.0515,10-01-2014
808020802074,23,2746.784,10-01-2014
808020802075,23,1562.0609,10-01-2014
808020802076,23,1053.7762,10-01-2014
808020802077,23,983.5658,10-01-2014
808020802078,23,456.6088,10-01-2014
808020802079,23,6718.0384,10-01-2014
808020802080,23,2746.784,10-01-2014
808020802081,23,1562.0609,10-01-2014
808020802082,23,1053.7762,10-01-2014
808020802083,23,983.5658,10-01-2014
808020802084,23,456.6088,10-01-2014
808020802085,23,2746.784,10-01-2014
808020802086,23,1562.0609,10-01-2014
808030803001,23,1398.0759,10-01-2014
808030803002,23,611.0535,10-01-2014
808030803003,23,570.2959,10-01-2014
808030803004,23,491.7484,10-01-2014
808030803005,23,351.2587,10-01-2014
808030803006,23,333.6889,10-01-2014
808030803007,23,1398.0759,10-01-2014
808030803008,23,611.0535,10-01-2014
808030803009,23,570.2959,10-01-2014
808030803010,23,491.7484,10-01-2014
808030803011,23,351.2587,10-01-2014
808030803012,23,333.6889,10-01-2014
808030803013,23,1398.0759,10-01-2014
808030803014,23,611.0535,10-01-2014
808030803015,23,570.2959,10-01-2014
808030803016,23,491.7484,10-01-2014
808030803017,23,351.2587,10-01-2014
808030803018,23,333.6889,10-01-2014
808030803019,23,1398.0759,10-01-2014
808030803020,23,611.0535,10-01-2014
808030803021,23,570.2959,10-01-2014
808030803022,23,491.7484,10-01-2014
808030803023,23,351.2587,10-01-2014
808030803024,23,333.6889,10-01-2014
808030803025,23,1398.0759,10-01-2014
808030803026,23,611.0535,10-01-2014
808030803027,23,570.2959,10-01-2014
808030803028,23,491.7484,10-01-2014
808030803029,23,351.2587,10-01-2014
808030803030,23,333.6889,10-01-2014
808030803031,23,1398.0759,10-01-2014
808030803032,23,611.0535,10-01-2014
808030803033,23,570.2959,10-01-2014
808030803034,23,491.7484,10-01-2014
808030803035,23,351.2587,10-01-2014
808030803036,23,333.6889,10-01-2014
808030803037,23,1520.2378,10-01-2014
808030803038,23,611.0535,10-01-2014
808030803039,23,570.2959,10-01-2014
808030803040,23,491.7484,10-01-2014
808030803041,23,351.2587,10-01-2014
808030803042,23,333.6889,10-01-2014
808030803043,23,1520.2378,10-01-2014
808030803044,23,611.0535,10-01-2014
808030803045,23,570.2959,10-01-2014
808030803046,23,491.7484,10-01-2014
808030803047,23,351.2587,10-01-2014
808030803048,23,333.6889,10-01-2014
808030803049,23,1520.2378,10-01-2014
808030803050,23,611.0535,10-01-2014
808030803051,23,570.2959,10-01-2014
808030803052,23,491.7484,10-01-2014
808030803053,23,351.2587,10-01-2014
808030803054,23,333.6889,10-01-2014
808030803055,23,1520.2378,10-01-2014
808030803056,23,611.0535,10-01-2014
808030803057,23,570.2959,10-01-2014
808030803058,23,491.7484,10-01-2014
808030803059,23,351.2587,10-01-2014
808030803060,23,333.6889,10-01-2014
808030803061,23,1520.2378,10-01-2014
808030803062,23,611.0535,10-01-2014
808030803063,23,570.2959,10-01-2014
808030803064,23,491.7484,10-01-2014
808030803065,23,351.2587,10-01-2014
808030803066,23,333.6889,10-01-2014
808030803067,23,1520.2378,10-01-2014
808030803068,23,611.0535,10-01-2014
808030803069,23,570.2959,10-01-2014
808030803070,23,491.7484,10-01-2014
808030803071,23,351.2587,10-01-2014
808030803072,23,333.6889,10-01-2014
808030803073,23,1398.0759,10-01-2014
808030803074,23,611.0535,10-01-2014
808030803075,23,570.2959,10-01-2014
808030803076,23,491.7484,10-01-2014
808030803077,23,351.2587,10-01-2014
808030803078,23,333.6889,10-01-2014
808030803079,23,1398.0759,10-01-2014
808030803080,23,611.0535,10-01-2014
808030803081,23,570.2959,10-01-2014
808030803082,23,491.7484,10-01-2014
808030803083,23,351.2587,10-01-2014
808030803084,23,333.6889,10-01-2014
808030803085,23,1398.0759,10-01-2014
808030803086,23,611.0535,10-01-2014
808030803087,23,570.2959,10-01-2014
808030803088,23,491.7484,10-01-2014
808030803089,23,351.2587,10-01-2014
808030803090,23,333.6889,10-01-2014
808030803091,23,1398.0759,10-01-2014
808030803092,23,611.0535,10-01-2014
808030803093,23,570.2959,10-01-2014
808030803094,23,491.7484,10-01-2014
808030803095,23,351.2587,10-01-2014
808030803096,23,333.6889,10-01-2014
808030803097,23,1398.0759,10-01-2014
808030803098,23,611.0535,10-01-2014
808030803099,23,570.2959,10-01-2014
808030803100,23,491.7484,10-01-2014
808030803101,23,351.2587,10-01-2014
808030803102,23,333.6889,10-01-2014
808040804001,23,3367.2056,10-01-2014
808040804002,23,2681.0743,10-01-2014
808040804003,23,2506.2841,10-01-2014
808040804004,23,1784.4743,10-01-2014
808040804005,23,904.536,10-01-2014
808040804006,23,3367.2056,10-01-2014
808040804007,23,2681.0743,10-01-2014
808040804008,23,2506.2841,10-01-2014
808040804009,23,1784.4743,10-01-2014
808040804010,23,904.536,10-01-2014
808040804011,23,3367.2056,10-01-2014
808040804012,23,2681.0743,10-01-2014
808040804013,23,2506.2841,10-01-2014
808040804014,23,1784.4743,10-01-2014
808040804015,23,904.536,10-01-2014
808040804016,23,3367.2056,10-01-2014
808040804017,23,2681.0743,10-01-2014
808040804018,23,2506.2841,10-01-2014
808040804019,23,1784.4743,10-01-2014
808040804020,23,904.536,10-01-2014
808040804021,23,3367.2056,10-01-2014
808040804022,23,2681.0743,10-01-2014
808040804023,23,2506.2841,10-01-2014
808040804024,23,1784.4743,10-01-2014
808040804025,23,904.536,10-01-2014
808040804026,23,3367.2056,10-01-2014
808040804027,23,2681.0743,10-01-2014
808040804028,23,2506.2841,10-01-2014
808040804029,23,1784.4743,10-01-2014
808040804030,23,904.536,10-01-2014
808040804031,23,2681.0743,10-01-2014
808050805001,23,3632.1703,10-01-2014
808050805002,23,2279.242,10-01-2014
808050805003,23,1409.9958,10-01-2014
808050805004,23,572.5696,10-01-2014
808050805005,23,523.3741,10-01-2014
808050805006,23,456.3332,10-01-2014
808050805007,23,3632.1703,10-01-2014
808050805008,23,2279.242,10-01-2014
808050805009,23,1409.9958,10-01-2014
808050805010,23,572.5696,10-01-2014
808050805011,23,523.3741,10-01-2014
808050805012,23,456.3332,10-01-2014
808050805013,23,3632.1703,10-01-2014
808050805014,23,2279.242,10-01-2014
808050805015,23,1409.9958,10-01-2014
808050805016,23,572.5696,10-01-2014
808050805017,23,523.3741,10-01-2014
808050805018,23,456.3332,10-01-2014
808050805019,23,3632.1703,10-01-2014
808050805020,23,2279.242,10-01-2014
808050805021,23,1409.9958,10-01-2014
808050805022,23,572.5696,10-01-2014
808050805023,23,523.3741,10-01-2014
808050805024,23,456.3332,10-01-2014
808050805025,23,3464.0143,10-01-2014
808050805026,23,2279.242,10-01-2014
808050805027,23,1409.9958,10-01-2014
808050805028,23,572.5696,10-01-2014
808050805029,23,523.3741,10-01-2014
808050805030,23,456.3332,10-01-2014
808050805031,23,3464.0143,10-01-2014
808050805032,23,2279.242,10-01-2014
808050805033,23,1409.9958,10-01-2014
808050805034,23,572.5696,10-01-2014
808050805035,23,523.3741,10-01-2014
808050805036,23,456.3332,10-01-2014
808050805037,23,3464.0143,10-01-2014
808050805038,23,2279.242,10-01-2014
808050805039,23,1409.9958,10-01-2014
808050805040,23,572.5696,10-01-2014
808050805041,23,523.3741,10-01-2014
808050805042,23,456.3332,10-01-2014
808050805043,23,3464.0143,10-01-2014
808050805044,23,2279.242,10-01-2014
808050805045,23,1409.9958,10-01-2014
808050805046,23,572.5696,10-01-2014
808050805047,23,523.3741,10-01-2014
808050805048,23,456.3332,10-01-2014
808050805049,23,3464.0143,10-01-2014
808050805050,23,2279.242,10-01-2014
808050805051,23,1409.9958,10-01-2014
808050805052,23,572.5696,10-01-2014
808050805053,23,523.3741,10-01-2014
808050805054,23,456.3332,10-01-2014
808050805055,23,3464.0143,10-01-2014
808050805056,23,2279.242,10-01-2014
808050805057,23,1409.9958,10-01-2014
808050805058,23,572.5696,10-01-2014
808050805059,23,523.3741,10-01-2014
808050805060,23,456.3332,10-01-2014
808050805061,23,3464.0143,10-01-2014
808050805062,23,2279.242,10-01-2014
808050805063,23,1409.9958,10-01-2014
808050805064,23,572.5696,10-01-2014
808050805065,23,523.3741,10-01-2014
808050805066,23,456.3332,10-01-2014
808050805067,23,3464.0143,10-01-2014
808050805068,23,2279.242,10-01-2014
808050805069,23,1409.9958,10-01-2014
808050805070,23,572.5696,10-01-2014
808050805071,23,523.3741,10-01-2014
808050805072,23,456.3332,10-01-2014
808050805073,23,1409.9958,10-01-2014
808050805074,23,572.5696,10-01-2014
808060806001,23,1335.2182,10-01-2014
808060806002,23,1035.7413,10-01-2014
808060806003,23,820.3411,10-01-2014
808060806004,23,728.6999,10-01-2014
808060806005,23,421.4691,10-01-2014
808060806006,23,358.2867,10-01-2014
808060806007,23,280.8416,10-01-2014
808060806008,23,105.3501,10-01-2014
808060806009,23,1451.8878,10-01-2014
808060806010,23,1035.7413,10-01-2014
808060806011,23,820.3411,10-01-2014
808060806012,23,728.6999,10-01-2014
808060806013,23,421.4691,10-01-2014
808060806014,23,358.2867,10-01-2014
808060806015,23,280.8416,10-01-2014
808060806016,23,105.3501,10-01-2014
808060806017,23,1451.8878,10-01-2014
808060806018,23,1035.7413,10-01-2014
808060806019,23,820.3411,10-01-2014
808060806020,23,728.6999,10-01-2014
808060806021,23,421.4691,10-01-2014
808060806022,23,358.2867,10-01-2014
808060806023,23,280.8416,10-01-2014
808060806024,23,105.3501,10-01-2014
808060806025,23,1451.8878,10-01-2014
808060806026,23,1035.7413,10-01-2014
808060806027,23,820.3411,10-01-2014
808060806028,23,728.6999,10-01-2014
808060806029,23,421.4691,10-01-2014
808060806030,23,358.2867,10-01-2014
808060806031,23,280.8416,10-01-2014
808060806032,23,105.3501,10-01-2014
808060806033,23,1451.8878,10-01-2014
808060806034,23,1035.7413,10-01-2014
808060806035,23,820.3411,10-01-2014
808060806036,23,728.6999,10-01-2014
808060806037,23,421.4691,10-01-2014
808060806038,23,358.2867,10-01-2014
808060806039,23,280.8416,10-01-2014
808060806040,23,105.3501,10-01-2014
808060806041,23,1451.8878,10-01-2014
808060806042,23,1035.7413,10-01-2014
808060806043,23,820.3411,10-01-2014
808060806044,23,728.6999,10-01-2014
808060806045,23,421.4691,10-01-2014
808060806046,23,358.2867,10-01-2014
808060806047,23,280.8416,10-01-2014
808060806048,23,105.3501,10-01-2014
808060806049,23,1451.8878,10-01-2014
808060806050,23,1035.7413,10-01-2014
808060806051,23,820.3411,10-01-2014
808060806052,23,728.6999,10-01-2014
808060806053,23,421.4691,10-01-2014
808060806054,23,358.2867,10-01-2014
808060806055,23,280.8416,10-01-2014
808060806056,23,105.3501,10-01-2014
808060806057,23,1451.8878,10-01-2014
808060806058,23,1035.7413,10-01-2014
808060806059,23,820.3411,10-01-2014
808060806060,23,728.6999,10-01-2014
808060806061,23,421.4691,10-01-2014
808060806062,23,358.2867,10-01-2014
808060806063,23,280.8416,10-01-2014
808060806064,23,105.3501,10-01-2014
808060806065,23,1451.8878,10-01-2014
808060806066,23,1035.7413,10-01-2014
808060806067,23,820.3411,10-01-2014
808060806068,23,728.6999,10-01-2014
808060806069,23,421.4691,10-01-2014
808060806070,23,358.2867,10-01-2014
808060806071,23,280.8416,10-01-2014
808060806072,23,105.3501,10-01-2014
808060806073,23,1451.8878,10-01-2014
808060806074,23,1035.7413,10-01-2014
808060806075,23,820.3411,10-01-2014
808060806076,23,728.6999,10-01-2014
808060806077,23,421.4691,10-01-2014
808060806078,23,358.2867,10-01-2014
808060806079,23,280.8416,10-01-2014
808060806080,23,105.3501,10-01-2014
808060806081,23,1451.8878,10-01-2014
808060806082,23,1035.7413,10-01-2014
808060806083,23,820.3411,10-01-2014
808060806084,23,728.6999,10-01-2014
808060806085,23,421.4691,10-01-2014
808060806086,23,358.2867,10-01-2014
808060806087,23,280.8416,10-01-2014
808060806088,23,105.3501,10-01-2014
808060806089,23,1451.8878,10-01-2014
808060806090,23,1035.7413,10-01-2014
808060806091,23,820.3411,10-01-2014
808060806092,23,728.6999,10-01-2014
808060806093,23,421.4691,10-01-2014
808060806094,23,358.2867,10-01-2014
808060806095,23,280.8416,10-01-2014
808060806096,23,105.3501,10-01-2014
808060806097,23,1451.8878,10-01-2014
808060806098,23,1035.7413,10-01-2014
808060806099,23,820.3411,10-01-2014
808060806100,23,728.6999,10-01-2014
808060806101,23,421.4691,10-01-2014
808060806102,23,358.2867,10-01-2014
808060806103,23,280.8416,10-01-2014
808060806104,23,105.3501,10-01-2014
808060806105,23,1451.8878,10-01-2014
808060806106,23,1035.7413,10-01-2014
808060806107,23,820.3411,10-01-2014
808060806108,23,728.6999,10-01-2014
808060806109,23,421.4691,10-01-2014
808060806110,23,358.2867,10-01-2014
808060806111,23,280.8416,10-01-2014
808060806112,23,105.3501,10-01-2014
808060806113,23,1451.8878,10-01-2014
808060806114,23,1035.7413,10-01-2014
808060806115,23,820.3411,10-01-2014
808060806116,23,728.6999,10-01-2014
808060806117,23,421.4691,10-01-2014
808060806118,23,358.2867,10-01-2014
808060806119,23,280.8416,10-01-2014
808060806120,23,105.3501,10-01-2014
808060806121,23,1400.0346,10-01-2014
808060806122,23,1035.7413,10-01-2014
808060806123,23,820.3411,10-01-2014
808060806124,23,728.6999,10-01-2014
808060806125,23,421.4691,10-01-2014
808060806126,23,358.2867,10-01-2014
808060806127,23,280.8416,10-01-2014
808060806128,23,105.3501,10-01-2014
808060806129,23,1400.0346,10-01-2014
808060806130,23,1035.7413,10-01-2014
808060806131,23,820.3411,10-01-2014
808060806132,23,728.6999,10-01-2014
808060806133,23,421.4691,10-01-2014
808060806134,23,358.2867,10-01-2014
808060806135,23,280.8416,10-01-2014
808060806136,23,105.3501,10-01-2014
808060806137,23,1400.0346,10-01-2014
808060806138,23,1035.7413,10-01-2014
808060806139,23,820.3411,10-01-2014
808060806140,23,728.6999,10-01-2014
808060806141,23,421.4691,10-01-2014
808060806142,23,358.2867,10-01-2014
808060806143,23,280.8416,10-01-2014
808060806144,23,105.3501,10-01-2014
808060806145,23,1400.0346,10-01-2014
808060806146,23,1035.7413,10-01-2014
808060806147,23,820.3411,10-01-2014
808060806148,23,728.6999,10-01-2014
808060806149,23,421.4691,10-01-2014
808060806150,23,358.2867,10-01-2014
808060806151,23,280.8416,10-01-2014
808060806152,23,105.3501,10-01-2014
808060806153,23,1400.0346,10-01-2014
808060806154,23,1035.7413,10-01-2014
808060806155,23,820.3411,10-01-2014
808060806156,23,728.6999,10-01-2014
808060806157,23,421.4691,10-01-2014
808060806158,23,358.2867,10-01-2014
808070807001,23,1451.8878,10-01-2014
808070807002,23,1405.4163,10-01-2014
808070807003,23,1313.7948,10-01-2014
808070807004,23,1267.3701,10-01-2014
808070807005,23,1053.7762,10-01-2014
808070807006,23,702.5175,10-01-2014
808070807007,23,386.3984,10-01-2014
808070807008,23,1451.8878,10-01-2014
808070807009,23,1405.4163,10-01-2014
808070807010,23,1313.7948,10-01-2014
808070807011,23,1267.3701,10-01-2014
808070807012,23,1053.7762,10-01-2014
808070807013,23,702.5175,10-01-2014
808070807014,23,386.3984,10-01-2014
808070807015,23,1451.8878,10-01-2014
808070807016,23,1405.4163,10-01-2014
808070807017,23,1313.7948,10-01-2014
808070807018,23,1267.3701,10-01-2014
808070807019,23,1053.7762,10-01-2014
808070807020,23,702.5175,10-01-2014
808070807021,23,386.3984,10-01-2014
808070807022,23,1451.8878,10-01-2014
808070807023,23,1405.4163,10-01-2014
808070807024,23,1313.7948,10-01-2014
808070807025,23,1267.3701,10-01-2014
808070807026,23,1053.7762,10-01-2014
808070807027,23,702.5175,10-01-2014
808070807028,23,386.3984,10-01-2014
808070807029,23,1451.8878,10-01-2014
808070807030,23,1405.4163,10-01-2014
808070807031,23,1313.7948,10-01-2014
808070807032,23,1267.3701,10-01-2014
808070807033,23,1053.7762,10-01-2014
808070807034,23,702.5175,10-01-2014
808070807035,23,386.3984,10-01-2014
808070807036,23,1335.2182,10-01-2014
808070807037,23,1405.4163,10-01-2014
808070807038,23,1313.7948,10-01-2014
808070807039,23,1267.3701,10-01-2014
808070807040,23,1053.7762,10-01-2014
808070807041,23,702.5175,10-01-2014
808070807042,23,386.3984,10-01-2014
808070807043,23,1335.2182,10-01-2014
808070807044,23,1405.4163,10-01-2014
808070807045,23,1313.7948,10-01-2014
808070807046,23,1267.3701,10-01-2014
808070807047,23,1053.7762,10-01-2014
808070807048,23,702.5175,10-01-2014
808070807049,23,386.3984,10-01-2014
808070807050,23,1335.2182,10-01-2014
808070807051,23,1405.4163,10-01-2014
808070807052,23,1313.7948,10-01-2014
808070807053,23,1267.3701,10-01-2014
808070807054,23,1053.7762,10-01-2014
808070807055,23,702.5175,10-01-2014
808070807056,23,386.3984,10-01-2014
808070807057,23,1335.2182,10-01-2014
808070807058,23,1405.4163,10-01-2014
808070807059,23,1313.7948,10-01-2014
808070807060,23,1267.3701,10-01-2014
808070807061,23,1053.7762,10-01-2014
808070807062,23,702.5175,10-01-2014
808080808001,23,105.3501,10-01-2014
808080808002,23,105.3501,10-01-2014
808080808003,23,105.3501,10-01-2014
808080808004,23,129.3966,10-01-2014
808080808005,23,129.3966,10-01-2014
808080808006,23,129.3966,10-01-2014
808080808007,23,234.4711,10-01-2014
808080808008,23,234.4711,10-01-2014
808080808009,23,234.4711,10-01-2014
808080808010,23,88.0337,10-01-2014
808080808011,23,88.0337,10-01-2014
808080808012,23,88.0337,10-01-2014
808080808013,23,88.0337,10-01-2014
808080808014,23,129.2004,10-01-2014
808080808015,23,129.2004,10-01-2014
808080808016,23,129.2004,10-01-2014
808080808017,23,129.2004,10-01-2014
808080808018,23,115.5474,10-01-2014
808080808019,23,115.5474,10-01-2014
808080808020,23,115.5474,10-01-2014
808080808021,23,115.5474,10-01-2014
808080808022,23,98.5313,10-01-2014
808080808023,23,98.5313,10-01-2014
808080808024,23,98.5313,10-01-2014
808080808025,23,98.5313,10-01-2014
808080808026,23,158.0595,10-01-2014
808080808027,23,158.0595,10-01-2014
808080808028,23,158.0595,10-01-2014
808080808029,23,158.0595,10-01-2014
808080808030,23,35.0708,10-01-2014
808080808031,23,35.0708,10-01-2014
808080808032,23,35.0708,10-01-2014
808080808033,23,35.0708,10-01-2014
808080808034,23,17.5009,10-01-2014
808080808035,23,17.5009,10-01-2014
808080808036,23,17.5009,10-01-2014
808080808037,23,17.5009,10-01-2014
808080808038,23,52.6406,10-01-2014
808080808039,23,52.6406,10-01-2014
808080808040,23,52.6406,10-01-2014
808080808041,23,52.6406,10-01-2014
808080808042,23,101.5876,10-01-2014
808080808043,23,101.5876,10-01-2014
808080808044,23,101.5876,10-01-2014
808080808045,23,101.5876,10-01-2014
808080808046,23,67.7029,10-01-2014
808080808047,23,67.7029,10-01-2014
808080808048,23,67.7029,10-01-2014
808080808049,23,67.7029,10-01-2014
808080808050,23,452.6765,10-01-2014
808080808051,23,452.6765,10-01-2014
808080808052,23,452.6765,10-01-2014
808080808053,23,452.6765,10-01-2014
808080808054,23,105.3501,10-01-2014
808080808055,23,105.3501,10-01-2014
808080808056,23,105.3501,10-01-2014
808080808057,23,105.3501,10-01-2014
808080808058,23,108.864,10-01-2014
808080808059,23,108.864,10-01-2014
808080808060,23,108.864,10-01-2014
808080808061,23,108.864,10-01-2014
808080808062,23,108.864,10-01-2014
808080808063,23,101.5876,10-01-2014
808080808064,23,101.5876,10-01-2014
808080808065,23,101.5876,10-01-2014
808080808066,23,101.5876,10-01-2014
808080808067,23,611.9117,10-01-2014
808080808068,23,611.9117,10-01-2014
808080808069,23,611.9117,10-01-2014
808080808070,23,611.9117,10-01-2014
808080808071,23,1019.8528,10-01-2014
808080808072,23,1019.8528,10-01-2014
808080808073,23,1019.8528,10-01-2014
808080808074,23,1019.8528,10-01-2014
808080808075,23,1267.439,10-01-2014
808080808076,23,1267.439,10-01-2014
808080808077,23,1267.439,10-01-2014
808080808078,23,1267.439,10-01-2014
505050505001,23,52.6406,10-01-2014
505050505002,23,52.6406,10-01-2014
505050505003,23,52.6406,10-01-2014
505050505004,23,87.7802,10-01-2014
505050505005,23,87.7802,10-01-2014
505050505006,23,87.7802,10-01-2014
505050505007,23,10.3352,10-01-2014
505050505008,23,33.8182,10-01-2014
505050505009,23,33.8182,10-01-2014
505050505010,23,33.8182,10-01-2014
505050505011,23,76.6078,10-01-2014
505050505012,23,76.6078,10-01-2014
505050505013,23,76.6078,10-01-2014
505050505014,23,76.6078,10-01-2014
505050505015,23,35.0708,10-01-2014
505050505016,23,35.0708,10-01-2014
505050505017,23,35.0708,10-01-2014
505050505018,23,35.0708,10-01-2014
505050505019,23,16.6741,10-01-2014
505050505020,23,16.6741,10-01-2014
505050505021,23,16.6741,10-01-2014
505050505022,23,14.2626,10-01-2014
505050505023,23,14.2626,10-01-2014
505050505024,23,14.2626,10-01-2014
505050505025,23,272.9112,10-01-2014
505050505026,23,272.9112,10-01-2014
505050505027,23,272.9112,10-01-2014
505050505028,23,11.7821,10-01-2014
505050505029,23,11.7821,10-01-2014
505050505030,23,11.7821,10-01-2014
