ProductLabel,CurrencyKey,UnitCost,SCD_EffectiveDate
101001,1,7.4144,01-10-2014
101002,1,7.4144,01-10-2014
101003,1,8.288,01-10-2014
101004,1,12.32,01-10-2014
101005,1,12.32,01-10-2014
101006,1,12.32,01-10-2014
101007,1,12.32,01-10-2014
101008,1,34.2496,01-10-2014
101009,1,34.2496,01-10-2014
101010,1,34.2496,01-10-2014
101011,1,34.2496,01-10-2014
101012,1,40.0064,01-10-2014
101013,1,40.0064,01-10-2014
101014,1,40.0064,01-10-2014
101015,1,40.0064,01-10-2014
101016,1,54.6048,01-10-2014
101017,1,54.6048,01-10-2014
101018,1,54.6048,01-10-2014
101019,1,54.6048,01-10-2014
101020,1,66.5496,01-10-2014
101021,1,66.5496,01-10-2014
101022,1,66.5496,01-10-2014
101023,1,66.5496,01-10-2014
101024,1,94.6879,01-10-2014
101025,1,94.6879,01-10-2014
101026,1,94.6879,01-10-2014
101027,1,94.6879,01-10-2014
101028,1,94.6879,01-10-2014
101029,1,91.2492,01-10-2014
101030,1,91.2492,01-10-2014
101031,1,91.2492,01-10-2014
101032,1,91.2492,01-10-2014
101033,1,91.2492,01-10-2014
101034,1,52.8336,01-10-2014
101035,1,52.8336,01-10-2014
101036,1,52.8336,01-10-2014
101037,1,111.0368,01-10-2014
101038,1,111.0368,01-10-2014
101039,1,111.0368,01-10-2014
101040,1,111.0368,01-10-2014
101041,1,109.8907,01-10-2014
101042,1,109.8907,01-10-2014
101043,1,109.8907,01-10-2014
101044,1,109.8907,01-10-2014
101045,1,109.8907,01-10-2014
104001,1,85.624,01-10-2014
104002,1,85.624,01-10-2014
104003,1,85.624,01-10-2014
104004,1,102.984,01-10-2014
104005,1,102.984,01-10-2014
104006,1,102.984,01-10-2014
104007,1,102.984,01-10-2014
104008,1,105.9156,01-10-2014
104009,1,105.9156,01-10-2014
104010,1,105.9156,01-10-2014
104011,1,105.9156,01-10-2014
104012,1,85.8924,01-10-2014
104013,1,85.8924,01-10-2014
104014,1,85.8924,01-10-2014
104015,1,85.8924,01-10-2014
104016,1,85.7372,01-10-2014
104017,1,85.7372,01-10-2014
104018,1,85.7372,01-10-2014
104019,1,85.7372,01-10-2014
104020,1,85.7372,01-10-2014
106001,1,14.672,01-10-2014
106002,1,14.672,01-10-2014
106003,1,14.672,01-10-2014
106004,1,14.672,01-10-2014
106005,1,24.696,01-10-2014
106006,1,24.696,01-10-2014
106007,1,24.696,01-10-2014
106008,1,24.696,01-10-2014
106009,1,18.846,01-10-2014
106010,1,19.544,01-10-2014
106011,1,19.544,01-10-2014
106012,1,19.544,01-10-2014
106013,1,20.888,01-10-2014
106014,1,20.888,01-10-2014
106015,1,20.888,01-10-2014
106016,1,20.888,01-10-2014
106017,1,20.888,01-10-2014
106018,1,49.6584,01-10-2014
106019,1,49.6584,01-10-2014
106020,1,49.6584,01-10-2014
106021,1,49.6584,01-10-2014
106022,1,49.6584,01-10-2014
106023,1,53.6652,01-10-2014
106024,1,53.6652,01-10-2014
106025,1,53.6652,01-10-2014
106026,1,53.6652,01-10-2014
106027,1,53.6652,01-10-2014
106028,1,38.4832,01-10-2014
106029,1,38.4832,01-10-2014
106030,1,38.4832,01-10-2014
106031,1,38.4832,01-10-2014
106032,1,38.4832,01-10-2014
106033,1,56.8354,01-10-2014
106034,1,56.8354,01-10-2014
106035,1,56.8354,01-10-2014
106036,1,56.8354,01-10-2014
106037,1,57.1104,01-10-2014
106038,1,57.1104,01-10-2014
106039,1,57.1104,01-10-2014
106040,1,57.1104,01-10-2014
106041,1,62.9948,01-10-2014
106042,1,62.9948,01-10-2014
106043,1,62.9948,01-10-2014
106044,1,62.9948,01-10-2014
106045,1,62.9948,01-10-2014
106046,1,89.4564,01-10-2014
106047,1,89.4564,01-10-2014
106048,1,89.4564,01-10-2014
106049,1,89.4564,01-10-2014
106050,1,89.4564,01-10-2014
201001,1,97.0704,01-10-2014
201002,1,97.0704,01-10-2014
201003,1,97.0704,01-10-2014
201004,1,68.5104,01-10-2014
201005,1,68.5104,01-10-2014
201006,1,68.5104,01-10-2014
201007,1,144.2112,01-10-2014
201008,1,144.2112,01-10-2014
201009,1,144.2112,01-10-2014
201010,1,81.8832,01-10-2014
201011,1,81.8832,01-10-2014
201012,1,81.8832,01-10-2014
201013,1,81.8832,01-10-2014
201014,1,114.2064,01-10-2014
201015,1,114.2064,01-10-2014
201016,1,114.2064,01-10-2014
201017,1,114.2064,01-10-2014
201018,1,180.2416,01-10-2014
201019,1,180.2416,01-10-2014
201020,1,180.2416,01-10-2014
201021,1,180.2416,01-10-2014
201022,1,248.3244,01-10-2014
201023,1,248.3244,01-10-2014
201024,1,248.3244,01-10-2014
201025,1,248.3244,01-10-2014
201026,1,165.1752,01-10-2014
201027,1,165.1752,01-10-2014
201028,1,165.1752,01-10-2014
201029,1,165.1752,01-10-2014
201030,1,989.6446,01-10-2014
201031,1,989.6446,01-10-2014
201032,1,989.6446,01-10-2014
201033,1,989.6446,01-10-2014
201034,1,424.008,01-10-2014
201035,1,424.008,01-10-2014
201036,1,424.008,01-10-2014
201037,1,424.008,01-10-2014
201038,1,242.0544,01-10-2014
201039,1,242.0544,01-10-2014
201040,1,242.0544,01-10-2014
201041,1,242.0544,01-10-2014
201042,1,521.0255,01-10-2014
201043,1,521.0255,01-10-2014
201044,1,521.0255,01-10-2014
201045,1,521.0255,01-10-2014
201046,1,569.7324,01-10-2014
201047,1,569.7324,01-10-2014
201048,1,569.7324,01-10-2014
201049,1,569.7324,01-10-2014
201050,1,435.9712,01-10-2014
202001,1,56.3616,01-10-2014
202002,1,39.4016,01-10-2014
202003,1,66.4384,01-10-2014
202004,1,61.2864,01-10-2014
202005,1,56.1456,01-10-2014
202006,1,49.1724,01-10-2014
202007,1,57.6697,01-10-2014
202008,1,51.3296,01-10-2014
202009,1,46.4832,01-10-2014
202010,1,55.3728,01-10-2014
202011,1,65.3632,01-10-2014
202012,1,32.4912,01-10-2014
202013,1,37.688,01-10-2014
202014,1,56.3616,01-10-2014
202015,1,39.4016,01-10-2014
202016,1,66.4384,01-10-2014
202017,1,61.2864,01-10-2014
202018,1,56.1456,01-10-2014
202019,1,49.1724,01-10-2014
202020,1,57.6697,01-10-2014
202021,1,51.3296,01-10-2014
202022,1,46.4832,01-10-2014
202023,1,55.3728,01-10-2014
202024,1,65.3632,01-10-2014
202025,1,32.4912,01-10-2014
202026,1,37.688,01-10-2014
203001,1,297.4968,01-10-2014
203002,1,360.0128,01-10-2014
203003,1,170.7328,01-10-2014
203004,1,317.358,01-10-2014
203005,1,154.112,01-10-2014
203006,1,171.248,01-10-2014
203007,1,283.7238,01-10-2014
203008,1,282.5928,01-10-2014
203009,1,272.6676,01-10-2014
203010,1,347.1552,01-10-2014
203011,1,354.872,01-10-2014
203012,1,285.8976,01-10-2014
203013,1,378.4529,01-10-2014
203014,1,297.4968,01-10-2014
203015,1,293.0592,01-10-2014
203016,1,298.2112,01-10-2014
203017,1,297.4968,01-10-2014
203018,1,360.0128,01-10-2014
203019,1,170.7328,01-10-2014
203020,1,317.358,01-10-2014
203021,1,154.112,01-10-2014
203022,1,171.248,01-10-2014
203023,1,283.7238,01-10-2014
203024,1,282.5928,01-10-2014
203025,1,272.6676,01-10-2014
203026,1,347.1552,01-10-2014
203027,1,354.872,01-10-2014
203028,1,285.8976,01-10-2014
203029,1,378.4529,01-10-2014
203030,1,297.4968,01-10-2014
203031,1,293.0592,01-10-2014
203032,1,298.2112,01-10-2014
203033,1,297.4968,01-10-2014
203034,1,360.0128,01-10-2014
203035,1,170.7328,01-10-2014
203036,1,317.358,01-10-2014
203037,1,154.112,01-10-2014
203038,1,171.248,01-10-2014
203039,1,283.7238,01-10-2014
203040,1,282.5928,01-10-2014
203041,1,272.6676,01-10-2014
203042,1,347.1552,01-10-2014
203043,1,354.872,01-10-2014
203044,1,285.8976,01-10-2014
203045,1,378.4529,01-10-2014
203046,1,297.4968,01-10-2014
203047,1,293.0592,01-10-2014
203048,1,298.2112,01-10-2014
203049,1,170.7328,01-10-2014
203050,1,187.8576,01-10-2014
203051,1,329.8848,01-10-2014
203052,1,233.5424,01-10-2014
203053,1,220.9536,01-10-2014
203054,1,242.8596,01-10-2014
203055,1,187.8576,01-10-2014
203056,1,168.3612,01-10-2014
203057,1,205.5088,01-10-2014
203058,1,113.6352,01-10-2014
203059,1,262.7316,01-10-2014
203060,1,274.0864,01-10-2014
203061,1,198.2232,01-10-2014
203062,1,170.7328,01-10-2014
203063,1,187.8576,01-10-2014
203064,1,329.8848,01-10-2014
203065,1,233.5424,01-10-2014
203066,1,220.9536,01-10-2014
203067,1,242.8596,01-10-2014
203068,1,187.8576,01-10-2014
203069,1,168.3612,01-10-2014
203070,1,205.5088,01-10-2014
203071,1,113.6352,01-10-2014
203072,1,262.7316,01-10-2014
203073,1,274.0864,01-10-2014
203074,1,198.2232,01-10-2014
203075,1,170.7328,01-10-2014
203076,1,187.8576,01-10-2014
203077,1,329.8848,01-10-2014
203078,1,233.5424,01-10-2014
203079,1,220.9536,01-10-2014
203080,1,242.8596,01-10-2014
203081,1,187.8576,01-10-2014
203082,1,168.3612,01-10-2014
203083,1,205.5088,01-10-2014
203084,1,113.6352,01-10-2014
203085,1,262.7316,01-10-2014
203086,1,274.0864,01-10-2014
203087,1,198.2232,01-10-2014
203088,1,170.7328,01-10-2014
203089,1,187.8576,01-10-2014
203090,1,329.8848,01-10-2014
203091,1,233.5424,01-10-2014
203092,1,220.9536,01-10-2014
203093,1,242.8596,01-10-2014
203094,1,187.8576,01-10-2014
203095,1,168.3612,01-10-2014
203096,1,205.5088,01-10-2014
203097,1,113.6352,01-10-2014
203098,1,262.7316,01-10-2014
203099,1,274.0864,01-10-2014
203100,1,198.2232,01-10-2014
205001,1,257.5216,01-10-2014
205002,1,257.0064,01-10-2014
205003,1,170.7328,01-10-2014
205004,1,159.3088,01-10-2014
205005,1,147.896,01-10-2014
205006,1,153.5968,01-10-2014
205007,1,176.4448,01-10-2014
205008,1,113.6352,01-10-2014
205009,1,125.048,01-10-2014
205010,1,182.1568,01-10-2014
205011,1,340.9197,01-10-2014
205012,1,310.9536,01-10-2014
205013,1,360.0128,01-10-2014
205014,1,169.456,01-10-2014
205015,1,190.0528,01-10-2014
205016,1,190.0528,01-10-2014
205017,1,257.5216,01-10-2014
205018,1,257.0064,01-10-2014
205019,1,170.7328,01-10-2014
205020,1,159.3088,01-10-2014
205021,1,147.896,01-10-2014
205022,1,153.5968,01-10-2014
205023,1,176.4448,01-10-2014
205024,1,113.6352,01-10-2014
205025,1,125.048,01-10-2014
205026,1,182.1568,01-10-2014
205027,1,340.9197,01-10-2014
205028,1,310.9536,01-10-2014
205029,1,360.0128,01-10-2014
205030,1,169.456,01-10-2014
205031,1,190.0528,01-10-2014
205032,1,190.0528,01-10-2014
205033,1,257.5216,01-10-2014
205034,1,257.0064,01-10-2014
205035,1,170.7328,01-10-2014
205036,1,159.3088,01-10-2014
205037,1,147.896,01-10-2014
205038,1,153.5968,01-10-2014
205039,1,176.4448,01-10-2014
205040,1,113.6352,01-10-2014
205041,1,125.048,01-10-2014
205042,1,182.1568,01-10-2014
205043,1,340.9197,01-10-2014
205044,1,310.9536,01-10-2014
205045,1,360.0128,01-10-2014
205046,1,169.456,01-10-2014
301001,1,444.92,01-10-2014
301002,1,453.1856,01-10-2014
301003,1,421.8256,01-10-2014
301004,1,498.0528,01-10-2014
301005,1,308.5152,01-10-2014
301006,1,407.8144,01-10-2014
301007,1,208.992,01-10-2014
301008,1,360.0128,01-10-2014
301009,1,339.416,01-10-2014
301010,1,301.8176,01-10-2014
301011,1,390.4096,01-10-2014
301012,1,218.6912,01-10-2014
301013,1,227.8304,01-10-2014
301014,1,191.856,01-10-2014
301015,1,182.728,01-10-2014
301016,1,219.7776,01-10-2014
301017,1,218.6688,01-10-2014
301018,1,207.5584,01-10-2014
301019,1,235.3232,01-10-2014
301020,1,188.4288,01-10-2014
301021,1,186.144,01-10-2014
301022,1,210.1344,01-10-2014
301023,1,216.9888,01-10-2014
301024,1,222.1184,01-10-2014
301025,1,482.0256,01-10-2014
301026,1,360.0128,01-10-2014
301027,1,218.6688,01-10-2014
301028,1,308.5152,01-10-2014
301029,1,390.4096,01-10-2014
301030,1,186.144,01-10-2014
301031,1,482.0256,01-10-2014
301032,1,360.0128,01-10-2014
301033,1,218.6688,01-10-2014
301034,1,308.5152,01-10-2014
301035,1,390.4096,01-10-2014
301036,1,186.144,01-10-2014
301037,1,482.0256,01-10-2014
301038,1,360.0128,01-10-2014
301039,1,218.6688,01-10-2014
301040,1,308.5152,01-10-2014
301041,1,390.4096,01-10-2014
301042,1,186.144,01-10-2014
301043,1,482.0256,01-10-2014
301044,1,360.0128,01-10-2014
301045,1,218.6688,01-10-2014
301046,1,308.5152,01-10-2014
301047,1,390.4096,01-10-2014
301048,1,186.144,01-10-2014
301049,1,482.0256,01-10-2014
301050,1,360.0128,01-10-2014
301051,1,218.6688,01-10-2014
301052,1,308.5152,01-10-2014
301053,1,482.0256,01-10-2014
301054,1,360.0128,01-10-2014
301055,1,218.6688,01-10-2014
301056,1,308.5152,01-10-2014
301057,1,390.4096,01-10-2014
301058,1,186.144,01-10-2014
301059,1,482.0256,01-10-2014
301060,1,360.0128,01-10-2014
301061,1,218.6688,01-10-2014
301062,1,308.5152,01-10-2014
301063,1,390.4096,01-10-2014
301064,1,186.144,01-10-2014
301065,1,482.0256,01-10-2014
301066,1,360.0128,01-10-2014
301067,1,482.0256,01-10-2014
301068,1,360.0128,01-10-2014
301069,1,218.6688,01-10-2014
301070,1,308.5152,01-10-2014
301071,1,390.4096,01-10-2014
301072,1,186.144,01-10-2014
301073,1,482.0256,01-10-2014
301074,1,360.0128,01-10-2014
301075,1,218.6688,01-10-2014
301076,1,308.5152,01-10-2014
301077,1,390.4096,01-10-2014
301078,1,186.144,01-10-2014
303001,1,330.6815,01-10-2014
303002,1,297.4968,01-10-2014
303003,1,154.1456,01-10-2014
303004,1,210.7056,01-10-2014
303005,1,285.4432,01-10-2014
303006,1,241.5616,01-10-2014
303007,1,330.6815,01-10-2014
303008,1,297.4968,01-10-2014
303009,1,154.1456,01-10-2014
303010,1,210.7056,01-10-2014
303011,1,285.4432,01-10-2014
303012,1,241.5616,01-10-2014
303013,1,330.6815,01-10-2014
303014,1,297.9396,01-10-2014
303015,1,154.1456,01-10-2014
303016,1,210.7056,01-10-2014
303017,1,285.4432,01-10-2014
303018,1,330.6815,01-10-2014
303019,1,297.4968,01-10-2014
303020,1,154.1456,01-10-2014
303021,1,210.7056,01-10-2014
303022,1,285.4432,01-10-2014
303023,1,313.6144,01-10-2014
303024,1,277.6248,01-10-2014
303025,1,125.5968,01-10-2014
303026,1,131.2752,01-10-2014
303027,1,154.112,01-10-2014
303028,1,179.7488,01-10-2014
303029,1,313.6144,01-10-2014
303030,1,277.6248,01-10-2014
303031,1,125.5968,01-10-2014
303032,1,131.2752,01-10-2014
303033,1,154.112,01-10-2014
303034,1,179.7488,01-10-2014
303035,1,313.6144,01-10-2014
303036,1,277.6248,01-10-2014
303037,1,125.5968,01-10-2014
303038,1,131.2752,01-10-2014
303039,1,154.112,01-10-2014
303040,1,313.6144,01-10-2014
303041,1,277.6248,01-10-2014
303042,1,125.5968,01-10-2014
303043,1,131.2752,01-10-2014
303044,1,154.112,01-10-2014
303045,1,171.248,01-10-2014
304001,1,279.4905,01-10-2014
304002,1,296.5576,01-10-2014
304003,1,221.4972,01-10-2014
304004,1,242.9676,01-10-2014
304005,1,128.6388,01-10-2014
304006,1,138.564,01-10-2014
304007,1,71.5904,01-10-2014
304008,1,92.1984,01-10-2014
304009,1,56.5264,01-10-2014
304010,1,73.6624,01-10-2014
304011,1,56.5264,01-10-2014
304012,1,39.4016,01-10-2014
304013,1,33.6896,01-10-2014
304014,1,27.9776,01-10-2014
304015,1,279.4905,01-10-2014
304016,1,296.5576,01-10-2014
304017,1,221.4972,01-10-2014
304018,1,242.9676,01-10-2014
304019,1,128.6388,01-10-2014
304020,1,138.564,01-10-2014
304021,1,71.5904,01-10-2014
304022,1,92.1984,01-10-2014
304023,1,56.5264,01-10-2014
304024,1,73.6624,01-10-2014
304025,1,56.5264,01-10-2014
304026,1,39.4016,01-10-2014
304027,1,33.6896,01-10-2014
304028,1,27.9776,01-10-2014
304029,1,279.4905,01-10-2014
304030,1,322.4704,01-10-2014
304031,1,221.4972,01-10-2014
304032,1,242.9676,01-10-2014
304033,1,128.6388,01-10-2014
304034,1,138.564,01-10-2014
304035,1,79.3744,01-10-2014
304036,1,92.1984,01-10-2014
304037,1,56.5264,01-10-2014
304038,1,73.6624,01-10-2014
304039,1,56.5264,01-10-2014
304040,1,25.6032,01-10-2014
304041,1,33.6896,01-10-2014
304042,1,33.3984,01-10-2014
304043,1,279.4905,01-10-2014
304044,1,322.4704,01-10-2014
304045,1,221.4972,01-10-2014
304046,1,242.9676,01-10-2014
304047,1,128.6388,01-10-2014
304048,1,138.564,01-10-2014
304049,1,79.3744,01-10-2014
304050,1,92.1984,01-10-2014
304051,1,56.5264,01-10-2014
304052,1,73.6624,01-10-2014
304053,1,56.5264,01-10-2014
304054,1,25.6032,01-10-2014
304055,1,33.6896,01-10-2014
304056,1,33.3984,01-10-2014
304057,1,303.912,01-10-2014
304058,1,296.5576,01-10-2014
304059,1,221.4972,01-10-2014
304060,1,242.9676,01-10-2014
304061,1,128.6388,01-10-2014
304062,1,138.564,01-10-2014
304063,1,79.3744,01-10-2014
304064,1,92.1984,01-10-2014
304065,1,56.5264,01-10-2014
304066,1,73.6624,01-10-2014
304067,1,56.5264,01-10-2014
304068,1,303.912,01-10-2014
304069,1,296.5576,01-10-2014
304070,1,221.4972,01-10-2014
304071,1,242.9676,01-10-2014
304072,1,128.6388,01-10-2014
304073,1,138.564,01-10-2014
304074,1,79.3744,01-10-2014
304075,1,92.1984,01-10-2014
304076,1,56.5264,01-10-2014
304077,1,73.6624,01-10-2014
304078,1,56.5264,01-10-2014
305001,1,851.6256,01-10-2014
305002,1,927.3264,01-10-2014
305003,1,360.0128,01-10-2014
305004,1,514.528,01-10-2014
305005,1,130.76,01-10-2014
305006,1,284.928,01-10-2014
305007,1,156.6424,01-10-2014
305008,1,106.9848,01-10-2014
305009,1,124.6644,01-10-2014
305010,1,97.8544,01-10-2014
305011,1,79.3744,01-10-2014
305012,1,62.2384,01-10-2014
305013,1,851.6256,01-10-2014
305014,1,927.3264,01-10-2014
305015,1,360.0128,01-10-2014
305016,1,514.528,01-10-2014
305017,1,130.76,01-10-2014
305018,1,284.928,01-10-2014
305019,1,156.6424,01-10-2014
305020,1,106.9848,01-10-2014
305021,1,124.6644,01-10-2014
305022,1,97.8544,01-10-2014
305023,1,79.3744,01-10-2014
305024,1,62.2384,01-10-2014
305025,1,851.6256,01-10-2014
305026,1,927.3264,01-10-2014
305027,1,360.0128,01-10-2014
305028,1,514.528,01-10-2014
305029,1,130.76,01-10-2014
305030,1,284.928,01-10-2014
305031,1,156.6424,01-10-2014
305032,1,106.9848,01-10-2014
305033,1,124.6644,01-10-2014
305034,1,97.8544,01-10-2014
305035,1,79.3744,01-10-2014
305036,1,62.2384,01-10-2014
305037,1,851.6256,01-10-2014
305038,1,852.8091,01-10-2014
305039,1,360.0128,01-10-2014
305040,1,514.528,01-10-2014
305041,1,130.76,01-10-2014
305042,1,284.928,01-10-2014
305043,1,164.2464,01-10-2014
305044,1,148.5,01-10-2014
305045,1,89.8128,01-10-2014
305046,1,70.504,01-10-2014
305047,1,79.3744,01-10-2014
305048,1,62.2384,01-10-2014
305049,1,851.6256,01-10-2014
305050,1,852.8091,01-10-2014
305051,1,360.0128,01-10-2014
305052,1,514.528,01-10-2014
305053,1,130.76,01-10-2014
305054,1,284.928,01-10-2014
305055,1,164.2464,01-10-2014
305056,1,148.5,01-10-2014
305057,1,89.8128,01-10-2014
305058,1,70.504,01-10-2014
305059,1,79.3744,01-10-2014
305060,1,62.2384,01-10-2014
305061,1,851.6256,01-10-2014
305062,1,852.8091,01-10-2014
305063,1,360.0128,01-10-2014
305064,1,514.528,01-10-2014
305065,1,130.76,01-10-2014
305066,1,284.928,01-10-2014
305067,1,164.2464,01-10-2014
305068,1,148.5,01-10-2014
305069,1,89.8128,01-10-2014
305070,1,70.504,01-10-2014
305071,1,79.3744,01-10-2014
305072,1,62.2384,01-10-2014
305073,1,821.2104,01-10-2014
305074,1,894.2076,01-10-2014
305075,1,360.0128,01-10-2014
305076,1,514.528,01-10-2014
305077,1,130.76,01-10-2014
305078,1,284.928,01-10-2014
305079,1,156.6424,01-10-2014
305080,1,106.9848,01-10-2014
305081,1,124.6644,01-10-2014
305082,1,97.8544,01-10-2014
305083,1,79.3744,01-10-2014
305084,1,821.2104,01-10-2014
305085,1,894.2076,01-10-2014
305086,1,360.0128,01-10-2014
305087,1,514.528,01-10-2014
305088,1,130.76,01-10-2014
305089,1,284.928,01-10-2014
305090,1,156.6424,01-10-2014
305091,1,106.9848,01-10-2014
305092,1,124.6644,01-10-2014
305093,1,97.8544,01-10-2014
305094,1,79.3744,01-10-2014
305095,1,821.2104,01-10-2014
305096,1,894.2076,01-10-2014
305097,1,360.0128,01-10-2014
305098,1,514.528,01-10-2014
305099,1,130.76,01-10-2014
305100,1,284.928,01-10-2014
305101,1,156.6424,01-10-2014
305102,1,106.9848,01-10-2014
305103,1,124.6644,01-10-2014
306001,1,81.8944,01-10-2014
306002,1,87.0464,01-10-2014
306003,1,45.1136,01-10-2014
306004,1,74.79,01-10-2014
306005,1,81.2672,01-10-2014
306006,1,45.6908,01-10-2014
306007,1,45.1136,01-10-2014
306008,1,51.9568,01-10-2014
306009,1,44.5424,01-10-2014
306010,1,59.7408,01-10-2014
306011,1,62.3168,01-10-2014
306012,1,70.0448,01-10-2014
306013,1,66.4384,01-10-2014
306014,1,82.4096,01-10-2014
306015,1,74.8398,01-10-2014
306016,1,74.0016,01-10-2014
306017,1,77.56,01-10-2014
306018,1,55.8878,01-10-2014
306019,1,81.8944,01-10-2014
306020,1,84.6048,01-10-2014
306021,1,87.5728,01-10-2014
306022,1,92.0304,01-10-2014
306023,1,84.9744,01-10-2014
306024,1,58.24,01-10-2014
306025,1,83.9552,01-10-2014
306026,1,97.8544,01-10-2014
306027,1,75.712,01-10-2014
306028,1,96.824,01-10-2014
306029,1,100.9456,01-10-2014
306030,1,81.8944,01-10-2014
306031,1,87.0464,01-10-2014
306032,1,45.1136,01-10-2014
306033,1,74.79,01-10-2014
306034,1,81.2672,01-10-2014
306035,1,45.6908,01-10-2014
306036,1,45.1136,01-10-2014
306037,1,51.9568,01-10-2014
306038,1,44.5424,01-10-2014
306039,1,59.7408,01-10-2014
306040,1,62.3168,01-10-2014
306041,1,70.0448,01-10-2014
306042,1,66.4384,01-10-2014
306043,1,82.4096,01-10-2014
306044,1,74.8398,01-10-2014
306045,1,74.0016,01-10-2014
306046,1,77.56,01-10-2014
306047,1,55.8878,01-10-2014
306048,1,81.8944,01-10-2014
306049,1,84.6048,01-10-2014
306050,1,87.5728,01-10-2014
306051,1,92.0304,01-10-2014
306052,1,84.9744,01-10-2014
306053,1,58.24,01-10-2014
306054,1,83.9552,01-10-2014
306055,1,97.8544,01-10-2014
306056,1,75.712,01-10-2014
306057,1,96.824,01-10-2014
306058,1,100.9456,01-10-2014
306059,1,81.8944,01-10-2014
306060,1,87.0464,01-10-2014
306061,1,45.1136,01-10-2014
306062,1,74.79,01-10-2014
306063,1,81.2672,01-10-2014
306064,1,45.6908,01-10-2014
306065,1,45.1136,01-10-2014
306066,1,51.9568,01-10-2014
306067,1,44.5424,01-10-2014
306068,1,59.7408,01-10-2014
306069,1,62.3168,01-10-2014
306070,1,70.0448,01-10-2014
306071,1,66.4384,01-10-2014
306072,1,82.4096,01-10-2014
306073,1,74.8398,01-10-2014
306074,1,74.0016,01-10-2014
306075,1,77.56,01-10-2014
306076,1,55.8878,01-10-2014
306077,1,81.8944,01-10-2014
306078,1,84.6048,01-10-2014
306079,1,87.5728,01-10-2014
306080,1,92.0304,01-10-2014
306081,1,84.9744,01-10-2014
306082,1,58.24,01-10-2014
306083,1,83.9552,01-10-2014
306084,1,97.8544,01-10-2014
306085,1,75.712,01-10-2014
306086,1,96.824,01-10-2014
306087,1,100.9456,01-10-2014
306088,1,62.3168,01-10-2014
306089,1,70.0448,01-10-2014
306090,1,66.4384,01-10-2014
306091,1,79.4664,01-10-2014
306092,1,81.3792,01-10-2014
306093,1,70.5756,01-10-2014
306094,1,71.3275,01-10-2014
306095,1,60.7712,01-10-2014
306096,1,81.8944,01-10-2014
306097,1,77.8062,01-10-2014
306098,1,87.5728,01-10-2014
306099,1,84.6351,01-10-2014
306100,1,78.1461,01-10-2014
306101,1,58.24,01-10-2014
308001,1,7.392,01-10-2014
308002,1,22.7808,01-10-2014
308003,1,10.2704,01-10-2014
308004,1,8.5008,01-10-2014
308005,1,7.392,01-10-2014
308006,1,7.7056,01-10-2014
308007,1,8.1972,01-10-2014
308008,1,4.8944,01-10-2014
308009,1,6.5632,01-10-2014
308010,1,5.4208,01-10-2014
308011,1,5.9248,01-10-2014
308012,1,17.0688,01-10-2014
308013,1,14.56,01-10-2014
308014,1,15.4,01-10-2014
308015,1,14.3696,01-10-2014
308016,1,13.8564,01-10-2014
308017,1,6.7984,01-10-2014
308018,1,7.3027,01-10-2014
308019,1,9.6544,01-10-2014
308020,1,12.1284,01-10-2014
308021,1,12.3088,01-10-2014
308022,1,14.2776,01-10-2014
308023,1,15.7281,01-10-2014
308024,1,11.368,01-10-2014
308025,1,8.848,01-10-2014
308026,1,9.8604,01-10-2014
308027,1,12.6144,01-10-2014
308028,1,27.7791,01-10-2014
308029,1,9.0832,01-10-2014
308030,1,6.7984,01-10-2014
308031,1,8.7588,01-10-2014
308032,1,8.532,01-10-2014
308033,1,5.4487,01-10-2014
308034,1,11.3197,01-10-2014
308035,1,7.9408,01-10-2014
308036,1,7.392,01-10-2014
308037,1,22.7808,01-10-2014
308038,1,10.2704,01-10-2014
308039,1,8.5008,01-10-2014
308040,1,7.392,01-10-2014
308041,1,7.7056,01-10-2014
308042,1,8.1972,01-10-2014
308043,1,4.8944,01-10-2014
308044,1,6.5632,01-10-2014
308045,1,5.4208,01-10-2014
308046,1,5.9248,01-10-2014
308047,1,17.0688,01-10-2014
308048,1,14.56,01-10-2014
308049,1,15.4,01-10-2014
308050,1,14.3696,01-10-2014
308051,1,13.8564,01-10-2014
308052,1,6.7984,01-10-2014
308053,1,7.3027,01-10-2014
308054,1,9.6544,01-10-2014
308055,1,12.1284,01-10-2014
308056,1,12.3088,01-10-2014
308057,1,14.2776,01-10-2014
308058,1,15.7281,01-10-2014
308059,1,11.368,01-10-2014
308060,1,8.848,01-10-2014
308061,1,9.4039,01-10-2014
308062,1,12.0304,01-10-2014
308063,1,27.7791,01-10-2014
308064,1,9.0832,01-10-2014
308065,1,6.7984,01-10-2014
308066,1,7.392,01-10-2014
308067,1,22.7808,01-10-2014
308068,1,10.2704,01-10-2014
308069,1,8.5008,01-10-2014
308070,1,7.392,01-10-2014
308071,1,7.7056,01-10-2014
308072,1,8.1972,01-10-2014
308073,1,4.8944,01-10-2014
308074,1,6.5632,01-10-2014
308075,1,5.4208,01-10-2014
308076,1,5.9248,01-10-2014
308077,1,17.0688,01-10-2014
308078,1,14.56,01-10-2014
308079,1,15.4,01-10-2014
308080,1,14.3696,01-10-2014
308081,1,13.8564,01-10-2014
308082,1,6.7984,01-10-2014
308083,1,7.3027,01-10-2014
308084,1,9.6544,01-10-2014
308085,1,12.1284,01-10-2014
308086,1,12.3088,01-10-2014
308087,1,14.2776,01-10-2014
308088,1,15.7281,01-10-2014
308089,1,11.368,01-10-2014
308090,1,8.848,01-10-2014
308091,1,9.4039,01-10-2014
308092,1,12.0304,01-10-2014
308093,1,27.7791,01-10-2014
308094,1,9.0832,01-10-2014
308095,1,6.7984,01-10-2014
308096,1,8.137,01-10-2014
308097,1,12.2673,01-10-2014
308098,1,19.818,01-10-2014
308099,1,7.3027,01-10-2014
308100,1,15.3552,01-10-2014
308101,1,15.3552,01-10-2014
308102,1,15.3552,01-10-2014
308103,1,15.3552,01-10-2014
308104,1,8.904,01-10-2014
308105,1,8.586,01-10-2014
308106,1,8.904,01-10-2014
308107,1,8.904,01-10-2014
308108,1,82.62,01-10-2014
308109,1,82.62,01-10-2014
308110,1,82.62,01-10-2014
308111,1,82.62,01-10-2014
308112,1,66.4384,01-10-2014
308113,1,66.4384,01-10-2014
308114,1,66.4384,01-10-2014
308115,1,66.4384,01-10-2014
308116,1,14.8716,01-10-2014
308117,1,14.8716,01-10-2014
308118,1,14.8716,01-10-2014
308119,1,14.8716,01-10-2014
308120,1,14.8716,01-10-2014
308121,1,26.264,01-10-2014
308122,1,26.264,01-10-2014
308123,1,26.264,01-10-2014
308124,1,34.7652,01-10-2014
308125,1,34.7652,01-10-2014
308126,1,33.1557,01-10-2014
308127,1,36.0528,01-10-2014
308128,1,11.9728,01-10-2014
308129,1,11.9728,01-10-2014
308130,1,11.9728,01-10-2014
308131,1,11.9728,01-10-2014
308132,1,44.3518,01-10-2014
308133,1,44.3518,01-10-2014
308134,1,44.3518,01-10-2014
308135,1,44.3518,01-10-2014
308136,1,44.3518,01-10-2014
308137,1,7.4256,01-10-2014
308138,1,7.4256,01-10-2014
308139,1,7.4256,01-10-2014
308140,1,7.4256,01-10-2014
308141,1,53.676,01-10-2014
308142,1,53.676,01-10-2014
308143,1,53.676,01-10-2014
308144,1,53.676,01-10-2014
308145,1,28.5488,01-10-2014
308146,1,28.5488,01-10-2014
308147,1,28.5488,01-10-2014
308148,1,28.5488,01-10-2014
308149,1,31.4974,01-10-2014
308150,1,31.4974,01-10-2014
308151,1,31.4974,01-10-2014
308152,1,31.4974,01-10-2014
308153,1,23.8336,01-10-2014
308154,1,23.8336,01-10-2014
308155,1,23.8336,01-10-2014
308156,1,23.8336,01-10-2014
308157,1,25.1216,01-10-2014
308158,1,25.1216,01-10-2014
308159,1,25.1216,01-10-2014
308160,1,25.1216,01-10-2014
308161,1,43.3888,01-10-2014
308162,1,43.3888,01-10-2014
308163,1,43.3888,01-10-2014
308164,1,43.3888,01-10-2014
308165,1,58.24,01-10-2014
308166,1,58.24,01-10-2014
308167,1,58.24,01-10-2014
308168,1,58.24,01-10-2014
308169,1,45.423,01-10-2014
308170,1,45.423,01-10-2014
308171,1,45.423,01-10-2014
308172,1,45.423,01-10-2014
308173,1,61.0893,01-10-2014
308174,1,61.0893,01-10-2014
308175,1,61.0893,01-10-2014
308176,1,61.0893,01-10-2014
308177,1,0.5376,01-10-2014
308178,1,0.5376,01-10-2014
308179,1,0.5376,01-10-2014
308180,1,0.5376,01-10-2014
308181,1,1.0908,01-10-2014
308182,1,1.0908,01-10-2014
308183,1,1.0908,01-10-2014
308184,1,1.0908,01-10-2014
308185,1,19.4096,01-10-2014
308186,1,19.4096,01-10-2014
308187,1,19.4096,01-10-2014
308188,1,19.4096,01-10-2014
308189,1,31.4048,01-10-2014
308190,1,31.4048,01-10-2014
308191,1,31.4048,01-10-2014
308192,1,40.6896,01-10-2014
308193,1,40.6896,01-10-2014
308194,1,40.6896,01-10-2014
308195,1,40.6896,01-10-2014
308196,1,54.5076,01-10-2014
308197,1,54.5076,01-10-2014
308198,1,54.5076,01-10-2014
308199,1,23.9792,01-10-2014
308200,1,23.9792,01-10-2014
308201,1,23.9792,01-10-2014
401002,1,71.5608,01-10-2014
401003,1,76.2272,01-10-2014
401004,1,84.9856,01-10-2014
401005,1,96.824,01-10-2014
401006,1,99.4448,01-10-2014
401007,1,103.7664,01-10-2014
401008,1,160.4512,01-10-2014
401009,1,95.0208,01-10-2014
401010,1,97.0816,01-10-2014
401011,1,96.264,01-10-2014
401012,1,101.416,01-10-2014
401013,1,101.976,01-10-2014
401014,1,85.7136,01-10-2014
401015,1,66.4384,01-10-2014
401016,1,71.5608,01-10-2014
401017,1,76.2272,01-10-2014
401018,1,78.1564,01-10-2014
401019,1,96.824,01-10-2014
401020,1,95.8932,01-10-2014
401021,1,107.6096,01-10-2014
401022,1,154.7208,01-10-2014
401023,1,87.3852,01-10-2014
401024,1,97.0816,01-10-2014
401025,1,96.264,01-10-2014
401026,1,93.2665,01-10-2014
401027,1,101.976,01-10-2014
401028,1,85.7136,01-10-2014
401029,1,66.4384,01-10-2014
401030,1,74.2112,01-10-2014
401031,1,76.2272,01-10-2014
401032,1,84.9856,01-10-2014
401033,1,96.824,01-10-2014
401034,1,99.4448,01-10-2014
401035,1,107.6096,01-10-2014
401036,1,160.4512,01-10-2014
401037,1,95.0208,01-10-2014
401038,1,97.0816,01-10-2014
401039,1,96.264,01-10-2014
401040,1,97.794,01-10-2014
401041,1,101.976,01-10-2014
401042,1,85.7136,01-10-2014
401043,1,66.4384,01-10-2014
401044,1,74.2112,01-10-2014
401045,1,76.2272,01-10-2014
401046,1,84.9856,01-10-2014
401047,1,96.824,01-10-2014
401048,1,99.4448,01-10-2014
401049,1,103.7664,01-10-2014
401050,1,160.4512,01-10-2014
401051,1,87.3852,01-10-2014
401052,1,97.0816,01-10-2014
401053,1,92.826,01-10-2014
401054,1,101.416,01-10-2014
401055,1,98.334,01-10-2014
401056,1,78.8259,01-10-2014
401057,1,66.4384,01-10-2014
401058,1,74.2112,01-10-2014
401059,1,70.1018,01-10-2014
401060,1,84.9856,01-10-2014
401061,1,96.824,01-10-2014
401062,1,99.4448,01-10-2014
401063,1,107.6096,01-10-2014
401064,1,160.4512,01-10-2014
401065,1,95.0208,01-10-2014
401066,1,97.0816,01-10-2014
401067,1,96.264,01-10-2014
401068,1,101.416,01-10-2014
401069,1,101.976,01-10-2014
401070,1,85.7136,01-10-2014
401071,1,66.4384,01-10-2014
401072,1,74.2112,01-10-2014
401073,1,73.5048,01-10-2014
401074,1,84.9856,01-10-2014
401075,1,96.824,01-10-2014
401076,1,99.4448,01-10-2014
401077,1,107.6096,01-10-2014
401078,1,160.4512,01-10-2014
401079,1,95.0208,01-10-2014
401080,1,97.0816,01-10-2014
401081,1,96.264,01-10-2014
401082,1,97.794,01-10-2014
401083,1,101.976,01-10-2014
401084,1,78.8259,01-10-2014
401085,1,66.4384,01-10-2014
401086,1,71.5608,01-10-2014
401087,1,76.2272,01-10-2014
401088,1,81.9504,01-10-2014
401089,1,89.0435,01-10-2014
401090,1,99.4448,01-10-2014
401091,1,107.6096,01-10-2014
401092,1,160.4512,01-10-2014
401093,1,95.0208,01-10-2014
401094,1,97.0816,01-10-2014
401095,1,96.264,01-10-2014
401096,1,101.416,01-10-2014
401097,1,101.976,01-10-2014
401098,1,85.7136,01-10-2014
401099,1,101.976,01-10-2014
401100,1,85.7136,01-10-2014
402001,1,232.6688,01-10-2014
402002,1,218.1984,01-10-2014
402003,1,160.6976,01-10-2014
402004,1,174.0816,01-10-2014
402005,1,158.4464,01-10-2014
402006,1,210.4056,01-10-2014
402007,1,160.6976,01-10-2014
402008,1,174.0816,01-10-2014
402009,1,232.6688,01-10-2014
402010,1,218.1984,01-10-2014
402011,1,160.6976,01-10-2014
402012,1,174.0816,01-10-2014
402013,1,232.6688,01-10-2014
402014,1,218.1984,01-10-2014
402015,1,154.9584,01-10-2014
402016,1,174.0816,01-10-2014
402017,1,213.9722,01-10-2014
402018,1,218.1984,01-10-2014
402019,1,154.9584,01-10-2014
402020,1,174.0816,01-10-2014
402021,1,224.3592,01-10-2014
402022,1,200.6646,01-10-2014
402023,1,160.6976,01-10-2014
402024,1,174.0816,01-10-2014
402025,1,145.7141,01-10-2014
402026,1,218.1984,01-10-2014
402027,1,160.6976,01-10-2014
402028,1,174.0816,01-10-2014
402029,1,158.4464,01-10-2014
402030,1,218.1984,01-10-2014
402031,1,160.6976,01-10-2014
402032,1,174.0816,01-10-2014
402033,1,236.376,01-10-2014
402034,1,210.7728,01-10-2014
402035,1,161.728,01-10-2014
402036,1,184.3856,01-10-2014
402037,1,239.7136,01-10-2014
402038,1,210.7728,01-10-2014
402039,1,150.984,01-10-2014
402040,1,184.3856,01-10-2014
402041,1,239.7136,01-10-2014
402042,1,210.7728,01-10-2014
402043,1,156.576,01-10-2014
402044,1,184.3856,01-10-2014
402045,1,249.7376,01-10-2014
402046,1,210.7728,01-10-2014
402047,1,171.0016,01-10-2014
402048,1,177.8004,01-10-2014
402049,1,249.7376,01-10-2014
402050,1,193.8357,01-10-2014
402051,1,171.0016,01-10-2014
402052,1,177.8004,01-10-2014
402053,1,234.5168,01-10-2014
402054,1,203.2452,01-10-2014
402055,1,162.4619,01-10-2014
402056,1,184.3856,01-10-2014
402057,1,234.5168,01-10-2014
402058,1,193.8357,01-10-2014
402059,1,176.6576,01-10-2014
402060,1,184.3856,01-10-2014
402061,1,158.4464,01-10-2014
402062,1,210.7728,01-10-2014
402063,1,165.8496,01-10-2014
402064,1,184.3856,01-10-2014
402065,1,233.408,01-10-2014
402066,1,161.8624,01-10-2014
402067,1,155.5456,01-10-2014
402068,1,168.9408,01-10-2014
402069,1,239.344,01-10-2014
402070,1,161.8624,01-10-2014
402071,1,172.0208,01-10-2014
402072,1,162.9072,01-10-2014
402073,1,239.344,01-10-2014
402074,1,161.8624,01-10-2014
402075,1,172.0208,01-10-2014
402076,1,168.9408,01-10-2014
402077,1,243.8016,01-10-2014
402078,1,161.8624,01-10-2014
402079,1,171.0016,01-10-2014
402080,1,168.9408,01-10-2014
402081,1,235.0944,01-10-2014
402082,1,161.8624,01-10-2014
402083,1,157.2604,01-10-2014
402084,1,168.9408,01-10-2014
402085,1,224.3592,01-10-2014
402086,1,161.8624,01-10-2014
402087,1,158.436,01-10-2014
402088,1,155.3652,01-10-2014
402089,1,232.6688,01-10-2014
402090,1,161.8624,01-10-2014
402091,1,151.101,01-10-2014
402092,1,168.9408,01-10-2014
402093,1,178.304,01-10-2014
402094,1,161.8624,01-10-2014
402095,1,201.8464,01-10-2014
402096,1,168.9408,01-10-2014
402097,1,178.304,01-10-2014
402098,1,161.8624,01-10-2014
402099,1,201.8464,01-10-2014
402100,1,168.9408,01-10-2014
405001,1,309.0304,01-10-2014
405002,1,291.5136,01-10-2014
405003,1,326.0208,01-10-2014
405004,1,337.3552,01-10-2014
405005,1,240.968,01-10-2014
405006,1,246.68,01-10-2014
405007,1,234.6848,01-10-2014
405008,1,234.1136,01-10-2014
405009,1,371.0784,01-10-2014
405010,1,370.7088,01-10-2014
405011,1,370.3392,01-10-2014
405012,1,363.6528,01-10-2014
405013,1,593.7232,01-10-2014
405014,1,586.3088,01-10-2014
405015,1,578.8832,01-10-2014
405016,1,564.0432,01-10-2014
405017,1,458.3936,01-10-2014
405018,1,453.2416,01-10-2014
405019,1,442.9376,01-10-2014
405020,1,437.7856,01-10-2014
405021,1,102.7824,01-10-2014
405022,1,97.0704,01-10-2014
405023,1,94.2144,01-10-2014
405024,1,91.3584,01-10-2014
405025,1,309.0304,01-10-2014
405026,1,291.5136,01-10-2014
405027,1,326.0208,01-10-2014
405028,1,337.3552,01-10-2014
405029,1,240.968,01-10-2014
405030,1,246.68,01-10-2014
405031,1,234.6848,01-10-2014
405032,1,234.1136,01-10-2014
405033,1,371.0784,01-10-2014
405034,1,370.7088,01-10-2014
405035,1,370.3392,01-10-2014
405036,1,363.6528,01-10-2014
405037,1,593.7232,01-10-2014
405038,1,586.3088,01-10-2014
405039,1,578.8832,01-10-2014
405040,1,564.0432,01-10-2014
405041,1,458.3936,01-10-2014
405042,1,453.2416,01-10-2014
405043,1,442.9376,01-10-2014
405044,1,437.7856,01-10-2014
405045,1,102.7824,01-10-2014
405046,1,97.0704,01-10-2014
405047,1,94.2144,01-10-2014
405048,1,91.3584,01-10-2014
405049,1,309.0304,01-10-2014
405050,1,291.5136,01-10-2014
405051,1,326.0208,01-10-2014
405052,1,337.3552,01-10-2014
405053,1,240.968,01-10-2014
405054,1,246.68,01-10-2014
405055,1,234.6848,01-10-2014
405056,1,234.1136,01-10-2014
405057,1,371.0784,01-10-2014
405058,1,370.7088,01-10-2014
405059,1,370.3392,01-10-2014
405060,1,363.6528,01-10-2014
405061,1,593.7232,01-10-2014
405062,1,586.3088,01-10-2014
405063,1,578.8832,01-10-2014
405064,1,564.0432,01-10-2014
405065,1,458.3936,01-10-2014
405066,1,453.2416,01-10-2014
405067,1,442.9376,01-10-2014
405068,1,437.7856,01-10-2014
405069,1,102.7824,01-10-2014
405070,1,97.0704,01-10-2014
405071,1,94.2144,01-10-2014
405072,1,91.3584,01-10-2014
405073,1,319.3344,01-10-2014
405074,1,286.3616,01-10-2014
405075,1,328.5968,01-10-2014
405076,1,330.2748,01-10-2014
405077,1,248.8752,01-10-2014
405078,1,275.2288,01-10-2014
405079,1,237.3192,01-10-2014
405080,1,262.6624,01-10-2014
405081,1,382.2112,01-10-2014
405082,1,371.0784,01-10-2014
405083,1,370.7088,01-10-2014
405084,1,366.6208,01-10-2014
405085,1,601.1488,01-10-2014
405086,1,578.8832,01-10-2014
405087,1,567.7504,01-10-2014
405088,1,556.6176,01-10-2014
405089,1,457.3632,01-10-2014
405090,1,415.8728,01-10-2014
405091,1,440.8768,01-10-2014
405092,1,431.6144,01-10-2014
405093,1,107.352,01-10-2014
405094,1,101.64,01-10-2014
405095,1,95.928,01-10-2014
405096,1,90.216,01-10-2014
405097,1,415.8728,01-10-2014
405098,1,440.8768,01-10-2014
405099,1,431.6144,01-10-2014
405100,1,107.352,01-10-2014
405101,1,101.64,01-10-2014
405102,1,95.928,01-10-2014
405103,1,90.216,01-10-2014
406001,1,28.5488,01-10-2014
406002,1,28.5488,01-10-2014
406003,1,28.5488,01-10-2014
406004,1,34.2496,01-10-2014
406005,1,34.2496,01-10-2014
406006,1,34.2496,01-10-2014
406007,1,11.4128,01-10-2014
406008,1,11.4128,01-10-2014
406009,1,11.4128,01-10-2014
406010,1,11.4128,01-10-2014
406011,1,22.0212,01-10-2014
406012,1,22.0212,01-10-2014
406013,1,22.0212,01-10-2014
406014,1,21.1232,01-10-2014
406015,1,21.1232,01-10-2014
406016,1,21.1232,01-10-2014
406017,1,36.7504,01-10-2014
406018,1,36.7504,01-10-2014
406019,1,36.7504,01-10-2014
406020,1,28.5264,01-10-2014
406021,1,28.5264,01-10-2014
406022,1,28.5264,01-10-2014
406023,1,28.5264,01-10-2014
406024,1,3.9648,01-10-2014
406025,1,3.9648,01-10-2014
406026,1,3.9648,01-10-2014
406027,1,3.9648,01-10-2014
406028,1,28.7064,01-10-2014
406029,1,28.7064,01-10-2014
406030,1,28.7064,01-10-2014
406031,1,28.7064,01-10-2014
406032,1,7.8692,01-10-2014
406033,1,7.8692,01-10-2014
406034,1,7.8692,01-10-2014
406035,1,7.8692,01-10-2014
406036,1,14.2688,01-10-2014
406037,1,14.2688,01-10-2014
406038,1,14.2688,01-10-2014
406039,1,14.2688,01-10-2014
406040,1,44.5312,01-10-2014
406041,1,44.5312,01-10-2014
406042,1,44.5312,01-10-2014
406043,1,44.5312,01-10-2014
406044,1,125.0935,01-10-2014
406045,1,125.0935,01-10-2014
406046,1,125.0935,01-10-2014
406047,1,220.7968,01-10-2014
406048,1,203.0542,01-10-2014
406049,1,203.0542,01-10-2014
406050,1,12.88,01-10-2014
406051,1,12.88,01-10-2014
406052,1,12.88,01-10-2014
406053,1,12.88,01-10-2014
406054,1,48.9328,01-10-2014
406055,1,48.9328,01-10-2014
406056,1,48.9328,01-10-2014
406057,1,48.9328,01-10-2014
406058,1,35.0224,01-10-2014
406059,1,35.0224,01-10-2014
406060,1,35.0224,01-10-2014
406061,1,35.0224,01-10-2014
406062,1,15.9936,01-10-2014
406063,1,15.9936,01-10-2014
406064,1,15.9936,01-10-2014
406065,1,15.9936,01-10-2014
406066,1,97.0981,01-10-2014
406067,1,97.0981,01-10-2014
406068,1,97.0981,01-10-2014
406069,1,97.0981,01-10-2014
501001,1,5.7008,01-10-2014
501002,1,7.4144,01-10-2014
501003,1,9.6992,01-10-2014
501004,1,11.8384,01-10-2014
501005,1,13.8992,01-10-2014
501006,1,14.9296,01-10-2014
501007,1,16.3836,01-10-2014
501008,1,18.536,01-10-2014
501009,1,20.0816,01-10-2014
501010,1,20.5968,01-10-2014
501011,1,15.9488,01-10-2014
501012,1,17.4384,01-10-2014
501013,1,18.5472,01-10-2014
501014,1,8.7472,01-10-2014
501015,1,11.8384,01-10-2014
501016,1,13.4028,01-10-2014
501017,1,14.9296,01-10-2014
501018,1,15.6251,01-10-2014
501019,1,18.536,01-10-2014
501020,1,19.9584,01-10-2014
501021,1,22.568,01-10-2014
501022,1,23.5656,01-10-2014
501023,1,15.6251,01-10-2014
501024,1,18.536,01-10-2014
501025,1,8.0976,01-10-2014
501026,1,8.4048,01-10-2014
501027,1,15.5904,01-10-2014
501028,1,11.5024,01-10-2014
501029,1,9.1392,01-10-2014
501030,1,11.3344,01-10-2014
501031,1,11.8496,01-10-2014
501032,1,10.8192,01-10-2014
501033,1,11.8384,01-10-2014
501034,1,5.7008,01-10-2014
501035,1,7.4144,01-10-2014
501036,1,9.6992,01-10-2014
501037,1,11.8384,01-10-2014
501038,1,13.8992,01-10-2014
501039,1,14.9296,01-10-2014
501040,1,16.3836,01-10-2014
501041,1,18.536,01-10-2014
501042,1,20.0816,01-10-2014
501043,1,20.5968,01-10-2014
501044,1,15.9488,01-10-2014
501045,1,17.4384,01-10-2014
501046,1,18.5472,01-10-2014
501047,1,8.7472,01-10-2014
501048,1,11.8384,01-10-2014
501049,1,13.4028,01-10-2014
501050,1,14.9296,01-10-2014
501051,1,15.6251,01-10-2014
501052,1,18.536,01-10-2014
501053,1,19.9584,01-10-2014
501054,1,22.568,01-10-2014
501055,1,23.5656,01-10-2014
501056,1,15.6251,01-10-2014
501057,1,18.536,01-10-2014
501058,1,8.0976,01-10-2014
501059,1,8.4048,01-10-2014
501060,1,15.5904,01-10-2014
501061,1,11.5024,01-10-2014
501062,1,9.1392,01-10-2014
501063,1,11.3344,01-10-2014
501064,1,11.8496,01-10-2014
501065,1,10.8192,01-10-2014
501066,1,11.8384,01-10-2014
501067,1,5.7008,01-10-2014
501068,1,7.4144,01-10-2014
501069,1,9.6992,01-10-2014
501070,1,11.8384,01-10-2014
501071,1,13.8992,01-10-2014
501072,1,14.9296,01-10-2014
501073,1,16.3836,01-10-2014
501074,1,18.536,01-10-2014
501075,1,20.0816,01-10-2014
501076,1,20.5968,01-10-2014
501077,1,15.9488,01-10-2014
501078,1,17.4384,01-10-2014
501079,1,18.5472,01-10-2014
501080,1,8.7472,01-10-2014
501081,1,11.8384,01-10-2014
501082,1,13.4028,01-10-2014
501083,1,14.9296,01-10-2014
501084,1,15.6251,01-10-2014
501085,1,18.536,01-10-2014
501086,1,19.9584,01-10-2014
501087,1,22.568,01-10-2014
501088,1,23.5656,01-10-2014
501089,1,15.6251,01-10-2014
501090,1,18.536,01-10-2014
501091,1,8.0976,01-10-2014
501092,1,8.4048,01-10-2014
503001,1,189.2916,01-10-2014
503002,1,218.568,01-10-2014
503003,1,118.4624,01-10-2014
503004,1,138.0288,01-10-2014
503005,1,148.848,01-10-2014
503006,1,148.5,01-10-2014
503007,1,121.2619,01-10-2014
503008,1,154.5152,01-10-2014
503009,1,158.6368,01-10-2014
503010,1,126.9372,01-10-2014
503011,1,150.9088,01-10-2014
503012,1,132.888,01-10-2014
503013,1,102.4912,01-10-2014
503014,1,149.3632,01-10-2014
503015,1,155.0304,01-10-2014
503016,1,97.3392,01-10-2014
503017,1,103.0064,01-10-2014
503018,1,189.2916,01-10-2014
503019,1,218.568,01-10-2014
503020,1,118.4624,01-10-2014
503021,1,138.0288,01-10-2014
503022,1,148.848,01-10-2014
503023,1,148.5,01-10-2014
503024,1,121.2619,01-10-2014
503025,1,154.5152,01-10-2014
503026,1,158.6368,01-10-2014
503027,1,126.9372,01-10-2014
503028,1,150.9088,01-10-2014
503029,1,132.888,01-10-2014
503030,1,102.4912,01-10-2014
503031,1,149.3632,01-10-2014
503032,1,155.0304,01-10-2014
503033,1,97.3392,01-10-2014
503034,1,103.0064,01-10-2014
503035,1,189.2916,01-10-2014
503036,1,218.568,01-10-2014
503037,1,118.4624,01-10-2014
503038,1,138.0288,01-10-2014
503039,1,148.848,01-10-2014
503040,1,148.5,01-10-2014
503041,1,121.2619,01-10-2014
503042,1,154.5152,01-10-2014
503043,1,158.6368,01-10-2014
503044,1,126.9372,01-10-2014
503045,1,150.9088,01-10-2014
503046,1,132.888,01-10-2014
503047,1,102.4912,01-10-2014
503048,1,149.3632,01-10-2014
503049,1,155.0304,01-10-2014
503050,1,97.3392,01-10-2014
503051,1,103.0064,01-10-2014
503052,1,121.2619,01-10-2014
503053,1,154.5152,01-10-2014
503054,1,158.6368,01-10-2014
503055,1,126.9372,01-10-2014
503056,1,150.9088,01-10-2014
503057,1,132.888,01-10-2014
503058,1,102.4912,01-10-2014
503059,1,149.3632,01-10-2014
503060,1,155.0304,01-10-2014
503061,1,97.3392,01-10-2014
503062,1,103.0064,01-10-2014
504001,1,73.6624,01-10-2014
504002,1,108.4693,01-10-2014
504003,1,113.2073,01-10-2014
504004,1,138.544,01-10-2014
504005,1,107.128,01-10-2014
504006,1,118.4624,01-10-2014
504007,1,136.4132,01-10-2014
504008,1,137.5136,01-10-2014
504009,1,154.5152,01-10-2014
504010,1,159.6672,01-10-2014
504011,1,73.6624,01-10-2014
504012,1,108.4693,01-10-2014
504013,1,113.2073,01-10-2014
504014,1,138.544,01-10-2014
504015,1,107.128,01-10-2014
504016,1,118.4624,01-10-2014
504017,1,136.4132,01-10-2014
504018,1,137.5136,01-10-2014
504019,1,154.5152,01-10-2014
504020,1,159.6672,01-10-2014
504021,1,73.6624,01-10-2014
504022,1,108.4693,01-10-2014
504023,1,113.2073,01-10-2014
504024,1,138.544,01-10-2014
504025,1,107.128,01-10-2014
504026,1,118.4624,01-10-2014
504027,1,136.4132,01-10-2014
504028,1,137.5136,01-10-2014
504029,1,154.5152,01-10-2014
504030,1,159.6672,01-10-2014
504031,1,73.6624,01-10-2014
504032,1,108.4693,01-10-2014
504033,1,113.2073,01-10-2014
504034,1,138.544,01-10-2014
504035,1,107.128,01-10-2014
504036,1,118.4624,01-10-2014
504037,1,136.4132,01-10-2014
504038,1,137.5136,01-10-2014
504039,1,154.5152,01-10-2014
504040,1,159.6672,01-10-2014
504041,1,73.6624,01-10-2014
504042,1,108.4693,01-10-2014
504043,1,113.2073,01-10-2014
504044,1,138.544,01-10-2014
504045,1,107.128,01-10-2014
504046,1,118.4624,01-10-2014
504047,1,136.4132,01-10-2014
504048,1,137.5136,01-10-2014
504049,1,154.5152,01-10-2014
504050,1,159.6672,01-10-2014
504051,1,144.2112,01-10-2014
504052,1,159.6672,01-10-2014
504053,1,141.008,01-10-2014
504054,1,154,01-10-2014
504055,1,169.9712,01-10-2014
504056,1,149.1728,01-10-2014
504057,1,118.206,01-10-2014
504058,1,138.0288,01-10-2014
504059,1,112.0672,01-10-2014
504060,1,131.3424,01-10-2014
504061,1,136.9984,01-10-2014
504062,1,144.3456,01-10-2014
504063,1,144.2112,01-10-2014
504064,1,148.5,01-10-2014
504065,1,147.6944,01-10-2014
504066,1,138.0288,01-10-2014
504067,1,141.1512,01-10-2014
504068,1,136.5616,01-10-2014
504069,1,139.0608,01-10-2014
504070,1,153.9648,01-10-2014
504071,1,129.677,01-10-2014
504072,1,154,01-10-2014
504073,1,169.9712,01-10-2014
504074,1,137.1857,01-10-2014
504075,1,112.7335,01-10-2014
504076,1,138.0288,01-10-2014
504077,1,112.0672,01-10-2014
504078,1,131.3424,01-10-2014
504079,1,125.9896,01-10-2014
504080,1,144.3456,01-10-2014
504081,1,144.2112,01-10-2014
504082,1,148.5,01-10-2014
504083,1,147.6944,01-10-2014
504084,1,138.0288,01-10-2014
504085,1,153.4848,01-10-2014
504086,1,125.5879,01-10-2014
504087,1,132.6228,01-10-2014
504088,1,159.6672,01-10-2014
504089,1,141.008,01-10-2014
504090,1,154,01-10-2014
504091,1,156.3128,01-10-2014
504092,1,149.1728,01-10-2014
504093,1,122.584,01-10-2014
504094,1,133.0992,01-10-2014
504095,1,112.0672,01-10-2014
504096,1,120.7881,01-10-2014
504097,1,125.9896,01-10-2014
504098,1,144.3456,01-10-2014
504099,1,144.2112,01-10-2014
504100,1,141.625,01-10-2014
504101,1,135.8261,01-10-2014
602001,1,26.9963,01-10-2014
602002,1,27.4701,01-10-2014
602003,1,27.9439,01-10-2014
602004,1,28.4177,01-10-2014
602005,1,28.8915,01-10-2014
602006,1,7.4144,01-10-2014
602007,1,81.2672,01-10-2014
602008,1,81.2672,01-10-2014
602009,1,81.2672,01-10-2014
602010,1,81.2672,01-10-2014
602011,1,81.2672,01-10-2014
602012,1,9.2624,01-10-2014
602013,1,7.1568,01-10-2014
602014,1,5.7008,01-10-2014
602015,1,8.4896,01-10-2014
602016,1,6.5184,01-10-2014
602017,1,9.2624,01-10-2014
602018,1,7.1568,01-10-2014
602019,1,5.7008,01-10-2014
602020,1,8.4896,01-10-2014
602021,1,6.5184,01-10-2014
602022,1,9.2624,01-10-2014
602023,1,7.1568,01-10-2014
602024,1,5.7008,01-10-2014
602025,1,8.4896,01-10-2014
602026,1,6.5184,01-10-2014
602027,1,28.7496,01-10-2014
602028,1,28.7496,01-10-2014
602029,1,28.7496,01-10-2014
602030,1,28.7496,01-10-2014
602031,1,82.3984,01-10-2014
602032,1,92.7024,01-10-2014
602033,1,62.8096,01-10-2014
602034,1,96.4768,01-10-2014
602035,1,107.6096,01-10-2014
602036,1,82.3984,01-10-2014
602037,1,92.7024,01-10-2014
602038,1,62.8096,01-10-2014
602039,1,96.4768,01-10-2014
602040,1,107.6096,01-10-2014
602041,1,82.3984,01-10-2014
602042,1,92.7024,01-10-2014
602043,1,62.8096,01-10-2014
602044,1,96.4768,01-10-2014
602045,1,107.6096,01-10-2014
602046,1,26.9963,01-10-2014
602047,1,27.4701,01-10-2014
602048,1,27.9439,01-10-2014
602049,1,28.4177,01-10-2014
602050,1,28.8915,01-10-2014
602051,1,7.4144,01-10-2014
602052,1,81.2672,01-10-2014
602053,1,81.2672,01-10-2014
602054,1,81.2672,01-10-2014
602055,1,81.2672,01-10-2014
602056,1,81.2672,01-10-2014
602057,1,9.2624,01-10-2014
602058,1,7.1568,01-10-2014
602059,1,5.7008,01-10-2014
602060,1,8.4896,01-10-2014
602061,1,6.5184,01-10-2014
602062,1,9.2624,01-10-2014
602063,1,7.1568,01-10-2014
602064,1,5.7008,01-10-2014
602065,1,8.4896,01-10-2014
602066,1,6.5184,01-10-2014
602067,1,9.2624,01-10-2014
602068,1,7.1568,01-10-2014
602069,1,5.7008,01-10-2014
602070,1,8.4896,01-10-2014
602071,1,6.5184,01-10-2014
602072,1,28.7496,01-10-2014
602073,1,28.7496,01-10-2014
602074,1,28.7496,01-10-2014
602075,1,28.7496,01-10-2014
602076,1,82.3984,01-10-2014
602077,1,92.7024,01-10-2014
602078,1,62.8096,01-10-2014
602079,1,96.4768,01-10-2014
602080,1,107.6096,01-10-2014
602081,1,82.3984,01-10-2014
602082,1,92.7024,01-10-2014
602083,1,62.8096,01-10-2014
602084,1,96.4768,01-10-2014
602085,1,107.6096,01-10-2014
602086,1,82.3984,01-10-2014
602087,1,92.7024,01-10-2014
602088,1,62.8096,01-10-2014
602089,1,96.4768,01-10-2014
602090,1,107.6096,01-10-2014
701001,1,3.024,01-10-2014
701002,1,3.9872,01-10-2014
701003,1,3.2651,01-10-2014
701004,1,4.6256,01-10-2014
701005,1,2.8448,01-10-2014
701006,1,6.272,01-10-2014
701007,1,3.024,01-10-2014
701008,1,3.9872,01-10-2014
701009,1,3.2651,01-10-2014
701010,1,4.6256,01-10-2014
701011,1,2.8448,01-10-2014
701012,1,6.272,01-10-2014
701013,1,3.024,01-10-2014
701014,1,3.9872,01-10-2014
701015,1,3.2651,01-10-2014
701016,1,4.6256,01-10-2014
701017,1,2.8448,01-10-2014
701018,1,6.272,01-10-2014
701019,1,3.024,01-10-2014
701020,1,3.9872,01-10-2014
701021,1,3.2651,01-10-2014
701022,1,4.6256,01-10-2014
701023,1,2.8448,01-10-2014
701024,1,6.272,01-10-2014
701025,1,3.08,01-10-2014
701026,1,3.9872,01-10-2014
701027,1,3.2548,01-10-2014
701028,1,4.5696,01-10-2014
701029,1,2.8448,01-10-2014
701030,1,6.3056,01-10-2014
701031,1,3.08,01-10-2014
701032,1,3.9872,01-10-2014
701033,1,3.2548,01-10-2014
701034,1,4.5696,01-10-2014
701035,1,2.8448,01-10-2014
701036,1,6.3056,01-10-2014
701037,1,3.08,01-10-2014
701038,1,3.9872,01-10-2014
701039,1,3.2548,01-10-2014
701040,1,4.5696,01-10-2014
701041,1,2.8448,01-10-2014
701042,1,6.3056,01-10-2014
701043,1,3.08,01-10-2014
701044,1,3.9872,01-10-2014
701045,1,3.2548,01-10-2014
701046,1,4.5696,01-10-2014
702001,1,36.12,01-10-2014
702002,1,36.12,01-10-2014
702003,1,36.12,01-10-2014
702004,1,36.12,01-10-2014
702005,1,36.12,01-10-2014
702006,1,36.12,01-10-2014
702007,1,36.12,01-10-2014
702008,1,36.12,01-10-2014
702009,1,36.12,01-10-2014
702010,1,36.12,01-10-2014
702011,1,36.12,01-10-2014
702012,1,36.12,01-10-2014
702013,1,36.12,01-10-2014
702014,1,36.12,01-10-2014
702015,1,36.12,01-10-2014
702016,1,31.976,01-10-2014
702017,1,31.976,01-10-2014
702018,1,31.976,01-10-2014
702019,1,29.4065,01-10-2014
702020,1,29.4065,01-10-2014
702021,1,28.84,01-10-2014
702022,1,41.104,01-10-2014
702023,1,36.7916,01-10-2014
702024,1,40.0064,01-10-2014
702025,1,37.3184,01-10-2014
702026,1,37.3184,01-10-2014
702027,1,13.0144,01-10-2014
702028,1,15.9936,01-10-2014
702029,1,15.9936,01-10-2014
702030,1,15.9936,01-10-2014
702031,1,15.9936,01-10-2014
702032,1,14.7084,01-10-2014
702033,1,14.7084,01-10-2014
702034,1,15.9936,01-10-2014
702035,1,15.9936,01-10-2014
702036,1,15.9936,01-10-2014
702037,1,15.9936,01-10-2014
702038,1,15.9936,01-10-2014
702039,1,40.4432,01-10-2014
702040,1,40.4432,01-10-2014
702041,1,40.4432,01-10-2014
702042,1,40.4432,01-10-2014
702043,1,40.4432,01-10-2014
702044,1,40.4432,01-10-2014
702045,1,40.4432,01-10-2014
702046,1,45.8416,01-10-2014
702047,1,45.8416,01-10-2014
702048,1,45.8416,01-10-2014
702049,1,37.0608,01-10-2014
702050,1,37.0608,01-10-2014
702051,1,31.92,01-10-2014
702052,1,28.8624,01-10-2014
702053,1,38.92,01-10-2014
702054,1,48.832,01-10-2014
702055,1,37.8,01-10-2014
702056,1,17.92,01-10-2014
702057,1,51.3744,01-10-2014
702058,1,24.5758,01-10-2014
702059,1,204.3417,01-10-2014
702060,1,25.5749,01-10-2014
702061,1,16.1092,01-10-2014
702062,1,16.1092,01-10-2014
702063,1,17.5168,01-10-2014
702064,1,19.4096,01-10-2014
702065,1,19.4096,01-10-2014
702066,1,19.4096,01-10-2014
702067,1,24.5504,01-10-2014
702068,1,24.5504,01-10-2014
702069,1,24.5504,01-10-2014
702070,1,24.5504,01-10-2014
702071,1,23.6736,01-10-2014
702072,1,22.5776,01-10-2014
702073,1,23.6736,01-10-2014
702074,1,24.5504,01-10-2014
702075,1,22.5776,01-10-2014
702076,1,24.5504,01-10-2014
702077,1,24.5504,01-10-2014
702078,1,24.5504,01-10-2014
702079,1,24.5504,01-10-2014
702080,1,24.5504,01-10-2014
702081,1,24.5504,01-10-2014
702082,1,24.5504,01-10-2014
702083,1,24.5504,01-10-2014
702084,1,24.5504,01-10-2014
702085,1,24.5504,01-10-2014
702086,1,24.5504,01-10-2014
702087,1,24.5504,01-10-2014
702088,1,22.5776,01-10-2014
702089,1,22.5776,01-10-2014
702090,1,24.5504,01-10-2014
702091,1,24.5504,01-10-2014
702092,1,24.5504,01-10-2014
702093,1,14.8512,01-10-2014
702094,1,16.7993,01-10-2014
702095,1,18.2672,01-10-2014
702096,1,18.2672,01-10-2014
702097,1,18.2672,01-10-2014
702098,1,18.2672,01-10-2014
702099,1,18.2672,01-10-2014
702100,1,18.2672,01-10-2014
702101,1,18.2672,01-10-2014
702102,1,18.2672,01-10-2014
702103,1,18.2672,01-10-2014
702104,1,18.2672,01-10-2014
702105,1,17.6148,01-10-2014
702106,1,16.7993,01-10-2014
702107,1,17.6148,01-10-2014
702108,1,18.2672,01-10-2014
702109,1,16.7993,01-10-2014
702110,1,18.2672,01-10-2014
702111,1,18.2672,01-10-2014
702112,1,18.2672,01-10-2014
702113,1,18.2672,01-10-2014
702114,1,18.2672,01-10-2014
702115,1,18.2672,01-10-2014
702116,1,18.2672,01-10-2014
702117,1,16.7993,01-10-2014
702118,1,18.2672,01-10-2014
702119,1,18.2672,01-10-2014
702120,1,18.2672,01-10-2014
801001,1,905.0198,01-10-2014
801002,1,987.8436,01-10-2014
801003,1,936.3536,01-10-2014
801004,1,913.0464,01-10-2014
801005,1,570.4384,01-10-2014
801006,1,905.0198,01-10-2014
801007,1,987.8436,01-10-2014
801008,1,936.3536,01-10-2014
801009,1,913.0464,01-10-2014
801010,1,570.4384,01-10-2014
801011,1,905.0198,01-10-2014
801012,1,987.8436,01-10-2014
801013,1,936.3536,01-10-2014
801014,1,913.0464,01-10-2014
801015,1,570.4384,01-10-2014
801016,1,905.0198,01-10-2014
801017,1,987.8436,01-10-2014
801018,1,936.3536,01-10-2014
801019,1,913.0464,01-10-2014
801020,1,570.4384,01-10-2014
801021,1,984.4352,01-10-2014
801022,1,988.2864,01-10-2014
801023,1,936.824,01-10-2014
801024,1,913.5616,01-10-2014
801025,1,570.9536,01-10-2014
801026,1,984.4352,01-10-2014
801027,1,988.2864,01-10-2014
801028,1,936.824,01-10-2014
801029,1,913.5616,01-10-2014
801030,1,570.9536,01-10-2014
801031,1,984.4352,01-10-2014
801032,1,988.2864,01-10-2014
801033,1,936.824,01-10-2014
801034,1,913.5616,01-10-2014
801035,1,570.9536,01-10-2014
801036,1,984.4352,01-10-2014
801037,1,988.2864,01-10-2014
801038,1,936.824,01-10-2014
801039,1,913.5616,01-10-2014
801040,1,570.9536,01-10-2014
801041,1,905.0198,01-10-2014
801042,1,987.8436,01-10-2014
801043,1,936.3536,01-10-2014
801044,1,913.0464,01-10-2014
801045,1,570.4384,01-10-2014
801046,1,905.0198,01-10-2014
801047,1,987.8436,01-10-2014
801048,1,936.3536,01-10-2014
801049,1,913.0464,01-10-2014
801050,1,570.4384,01-10-2014
801051,1,905.0198,01-10-2014
801052,1,987.8436,01-10-2014
801053,1,936.3536,01-10-2014
801054,1,913.0464,01-10-2014
801055,1,570.4384,01-10-2014
801056,1,905.0198,01-10-2014
801057,1,987.8436,01-10-2014
801058,1,936.3536,01-10-2014
801059,1,913.0464,01-10-2014
801060,1,570.4384,01-10-2014
801061,1,905.0198,01-10-2014
801062,1,987.8436,01-10-2014
801063,1,936.3536,01-10-2014
801064,1,913.0464,01-10-2014
801065,1,570.4384,01-10-2014
801066,1,905.0198,01-10-2014
801067,1,987.8436,01-10-2014
801068,1,936.3536,01-10-2014
801069,1,913.0464,01-10-2014
801070,1,570.4384,01-10-2014
802001,1,1092.0266,01-10-2014
802002,1,446.4936,01-10-2014
802003,1,253.9152,01-10-2014
802004,1,171.2928,01-10-2014
802005,1,159.88,01-10-2014
802006,1,74.2224,01-10-2014
802007,1,1092.0266,01-10-2014
802008,1,446.4936,01-10-2014
802009,1,253.9152,01-10-2014
802010,1,171.2928,01-10-2014
802011,1,159.88,01-10-2014
802012,1,74.2224,01-10-2014
802013,1,1092.0266,01-10-2014
802014,1,446.4936,01-10-2014
802015,1,253.9152,01-10-2014
802016,1,171.2928,01-10-2014
802017,1,159.88,01-10-2014
802018,1,74.2224,01-10-2014
802019,1,1092.0266,01-10-2014
802020,1,446.4936,01-10-2014
802021,1,253.9152,01-10-2014
802022,1,171.2928,01-10-2014
802023,1,159.88,01-10-2014
802024,1,74.2224,01-10-2014
802025,1,1092.0266,01-10-2014
802026,1,446.4936,01-10-2014
802027,1,253.9152,01-10-2014
802028,1,171.2928,01-10-2014
802029,1,159.88,01-10-2014
802030,1,74.2224,01-10-2014
802031,1,1092.0266,01-10-2014
802032,1,446.4936,01-10-2014
802033,1,253.9152,01-10-2014
802034,1,171.2928,01-10-2014
802035,1,159.88,01-10-2014
802036,1,74.2224,01-10-2014
802037,1,1092.0266,01-10-2014
802038,1,446.4936,01-10-2014
802039,1,253.9152,01-10-2014
802040,1,171.2928,01-10-2014
802041,1,159.88,01-10-2014
802042,1,74.2224,01-10-2014
802043,1,1187.4464,01-10-2014
802044,1,446.4936,01-10-2014
802045,1,253.9152,01-10-2014
802046,1,171.2928,01-10-2014
802047,1,159.88,01-10-2014
802048,1,74.2224,01-10-2014
802049,1,1187.4464,01-10-2014
802050,1,446.4936,01-10-2014
802051,1,253.9152,01-10-2014
802052,1,171.2928,01-10-2014
802053,1,159.88,01-10-2014
802054,1,74.2224,01-10-2014
802055,1,1187.4464,01-10-2014
802056,1,446.4936,01-10-2014
802057,1,253.9152,01-10-2014
802058,1,171.2928,01-10-2014
802059,1,159.88,01-10-2014
802060,1,74.2224,01-10-2014
802061,1,1187.4464,01-10-2014
802062,1,446.4936,01-10-2014
802063,1,253.9152,01-10-2014
802064,1,171.2928,01-10-2014
802065,1,159.88,01-10-2014
802066,1,74.2224,01-10-2014
802067,1,1187.4464,01-10-2014
802068,1,446.4936,01-10-2014
802069,1,253.9152,01-10-2014
802070,1,171.2928,01-10-2014
802071,1,159.88,01-10-2014
802072,1,74.2224,01-10-2014
802073,1,1187.4464,01-10-2014
802074,1,446.4936,01-10-2014
802075,1,253.9152,01-10-2014
802076,1,171.2928,01-10-2014
802077,1,159.88,01-10-2014
802078,1,74.2224,01-10-2014
802079,1,1092.0266,01-10-2014
802080,1,446.4936,01-10-2014
802081,1,253.9152,01-10-2014
802082,1,171.2928,01-10-2014
802083,1,159.88,01-10-2014
802084,1,74.2224,01-10-2014
802085,1,446.4936,01-10-2014
802086,1,253.9152,01-10-2014
803001,1,227.2592,01-10-2014
803002,1,99.3276,01-10-2014
803003,1,92.7024,01-10-2014
803004,1,79.9344,01-10-2014
803005,1,57.0976,01-10-2014
803006,1,54.2416,01-10-2014
803007,1,227.2592,01-10-2014
803008,1,99.3276,01-10-2014
803009,1,92.7024,01-10-2014
803010,1,79.9344,01-10-2014
803011,1,57.0976,01-10-2014
803012,1,54.2416,01-10-2014
803013,1,227.2592,01-10-2014
803014,1,99.3276,01-10-2014
803015,1,92.7024,01-10-2014
803016,1,79.9344,01-10-2014
803017,1,57.0976,01-10-2014
803018,1,54.2416,01-10-2014
803019,1,227.2592,01-10-2014
803020,1,99.3276,01-10-2014
803021,1,92.7024,01-10-2014
803022,1,79.9344,01-10-2014
803023,1,57.0976,01-10-2014
803024,1,54.2416,01-10-2014
803025,1,227.2592,01-10-2014
803026,1,99.3276,01-10-2014
803027,1,92.7024,01-10-2014
803028,1,79.9344,01-10-2014
803029,1,57.0976,01-10-2014
803030,1,54.2416,01-10-2014
803031,1,227.2592,01-10-2014
803032,1,99.3276,01-10-2014
803033,1,92.7024,01-10-2014
803034,1,79.9344,01-10-2014
803035,1,57.0976,01-10-2014
803036,1,54.2416,01-10-2014
803037,1,247.1168,01-10-2014
803038,1,99.3276,01-10-2014
803039,1,92.7024,01-10-2014
803040,1,79.9344,01-10-2014
803041,1,57.0976,01-10-2014
803042,1,54.2416,01-10-2014
803043,1,247.1168,01-10-2014
803044,1,99.3276,01-10-2014
803045,1,92.7024,01-10-2014
803046,1,79.9344,01-10-2014
803047,1,57.0976,01-10-2014
803048,1,54.2416,01-10-2014
803049,1,247.1168,01-10-2014
803050,1,99.3276,01-10-2014
803051,1,92.7024,01-10-2014
803052,1,79.9344,01-10-2014
803053,1,57.0976,01-10-2014
803054,1,54.2416,01-10-2014
803055,1,247.1168,01-10-2014
803056,1,99.3276,01-10-2014
803057,1,92.7024,01-10-2014
803058,1,79.9344,01-10-2014
803059,1,57.0976,01-10-2014
803060,1,54.2416,01-10-2014
803061,1,247.1168,01-10-2014
803062,1,99.3276,01-10-2014
803063,1,92.7024,01-10-2014
803064,1,79.9344,01-10-2014
803065,1,57.0976,01-10-2014
803066,1,54.2416,01-10-2014
803067,1,247.1168,01-10-2014
803068,1,99.3276,01-10-2014
803069,1,92.7024,01-10-2014
803070,1,79.9344,01-10-2014
803071,1,57.0976,01-10-2014
803072,1,54.2416,01-10-2014
803073,1,227.2592,01-10-2014
803074,1,99.3276,01-10-2014
803075,1,92.7024,01-10-2014
803076,1,79.9344,01-10-2014
803077,1,57.0976,01-10-2014
803078,1,54.2416,01-10-2014
803079,1,227.2592,01-10-2014
803080,1,99.3276,01-10-2014
803081,1,92.7024,01-10-2014
803082,1,79.9344,01-10-2014
803083,1,57.0976,01-10-2014
803084,1,54.2416,01-10-2014
803085,1,227.2592,01-10-2014
803086,1,99.3276,01-10-2014
803087,1,92.7024,01-10-2014
803088,1,79.9344,01-10-2014
803089,1,57.0976,01-10-2014
803090,1,54.2416,01-10-2014
803091,1,227.2592,01-10-2014
803092,1,99.3276,01-10-2014
803093,1,92.7024,01-10-2014
803094,1,79.9344,01-10-2014
803095,1,57.0976,01-10-2014
803096,1,54.2416,01-10-2014
803097,1,227.2592,01-10-2014
803098,1,99.3276,01-10-2014
803099,1,92.7024,01-10-2014
803100,1,79.9344,01-10-2014
803101,1,57.0976,01-10-2014
803102,1,54.2416,01-10-2014
804001,1,547.344,01-10-2014
804002,1,435.8124,01-10-2014
804003,1,407.4,01-10-2014
804004,1,290.0688,01-10-2014
804005,1,147.0336,01-10-2014
804006,1,547.344,01-10-2014
804007,1,435.8124,01-10-2014
804008,1,407.4,01-10-2014
804009,1,290.0688,01-10-2014
804010,1,147.0336,01-10-2014
804011,1,547.344,01-10-2014
804012,1,435.8124,01-10-2014
804013,1,407.4,01-10-2014
804014,1,290.0688,01-10-2014
804015,1,147.0336,01-10-2014
804016,1,547.344,01-10-2014
804017,1,435.8124,01-10-2014
804018,1,407.4,01-10-2014
804019,1,290.0688,01-10-2014
804020,1,147.0336,01-10-2014
804021,1,547.344,01-10-2014
804022,1,435.8124,01-10-2014
804023,1,407.4,01-10-2014
804024,1,290.0688,01-10-2014
804025,1,147.0336,01-10-2014
804026,1,547.344,01-10-2014
804027,1,435.8124,01-10-2014
804028,1,407.4,01-10-2014
804029,1,290.0688,01-10-2014
804030,1,147.0336,01-10-2014
804031,1,435.8124,01-10-2014
805001,1,590.4144,01-10-2014
805002,1,370.494,01-10-2014
805003,1,229.1968,01-10-2014
805004,1,93.072,01-10-2014
805005,1,85.0752,01-10-2014
805006,1,74.1776,01-10-2014
805007,1,590.4144,01-10-2014
805008,1,370.494,01-10-2014
805009,1,229.1968,01-10-2014
805010,1,93.072,01-10-2014
805011,1,85.0752,01-10-2014
805012,1,74.1776,01-10-2014
805013,1,590.4144,01-10-2014
805014,1,370.494,01-10-2014
805015,1,229.1968,01-10-2014
805016,1,93.072,01-10-2014
805017,1,85.0752,01-10-2014
805018,1,74.1776,01-10-2014
805019,1,590.4144,01-10-2014
805020,1,370.494,01-10-2014
805021,1,229.1968,01-10-2014
805022,1,93.072,01-10-2014
805023,1,85.0752,01-10-2014
805024,1,74.1776,01-10-2014
805025,1,563.0804,01-10-2014
805026,1,370.494,01-10-2014
805027,1,229.1968,01-10-2014
805028,1,93.072,01-10-2014
805029,1,85.0752,01-10-2014
805030,1,74.1776,01-10-2014
805031,1,563.0804,01-10-2014
805032,1,370.494,01-10-2014
805033,1,229.1968,01-10-2014
805034,1,93.072,01-10-2014
805035,1,85.0752,01-10-2014
805036,1,74.1776,01-10-2014
805037,1,563.0804,01-10-2014
805038,1,370.494,01-10-2014
805039,1,229.1968,01-10-2014
805040,1,93.072,01-10-2014
805041,1,85.0752,01-10-2014
805042,1,74.1776,01-10-2014
805043,1,563.0804,01-10-2014
805044,1,370.494,01-10-2014
805045,1,229.1968,01-10-2014
805046,1,93.072,01-10-2014
805047,1,85.0752,01-10-2014
805048,1,74.1776,01-10-2014
805049,1,563.0804,01-10-2014
805050,1,370.494,01-10-2014
805051,1,229.1968,01-10-2014
805052,1,93.072,01-10-2014
805053,1,85.0752,01-10-2014
805054,1,74.1776,01-10-2014
805055,1,563.0804,01-10-2014
805056,1,370.494,01-10-2014
805057,1,229.1968,01-10-2014
805058,1,93.072,01-10-2014
805059,1,85.0752,01-10-2014
805060,1,74.1776,01-10-2014
805061,1,563.0804,01-10-2014
805062,1,370.494,01-10-2014
805063,1,229.1968,01-10-2014
805064,1,93.072,01-10-2014
805065,1,85.0752,01-10-2014
805066,1,74.1776,01-10-2014
805067,1,563.0804,01-10-2014
805068,1,370.494,01-10-2014
805069,1,229.1968,01-10-2014
805070,1,93.072,01-10-2014
805071,1,85.0752,01-10-2014
805072,1,74.1776,01-10-2014
805073,1,229.1968,01-10-2014
805074,1,93.072,01-10-2014
806001,1,217.0416,01-10-2014
806002,1,168.3612,01-10-2014
806003,1,133.3476,01-10-2014
806004,1,118.4512,01-10-2014
806005,1,68.5104,01-10-2014
806006,1,58.24,01-10-2014
806007,1,45.6512,01-10-2014
806008,1,17.1248,01-10-2014
806009,1,236.0064,01-10-2014
806010,1,168.3612,01-10-2014
806011,1,133.3476,01-10-2014
806012,1,118.4512,01-10-2014
806013,1,68.5104,01-10-2014
806014,1,58.24,01-10-2014
806015,1,45.6512,01-10-2014
806016,1,17.1248,01-10-2014
806017,1,236.0064,01-10-2014
806018,1,168.3612,01-10-2014
806019,1,133.3476,01-10-2014
806020,1,118.4512,01-10-2014
806021,1,68.5104,01-10-2014
806022,1,58.24,01-10-2014
806023,1,45.6512,01-10-2014
806024,1,17.1248,01-10-2014
806025,1,236.0064,01-10-2014
806026,1,168.3612,01-10-2014
806027,1,133.3476,01-10-2014
806028,1,118.4512,01-10-2014
806029,1,68.5104,01-10-2014
806030,1,58.24,01-10-2014
806031,1,45.6512,01-10-2014
806032,1,17.1248,01-10-2014
806033,1,236.0064,01-10-2014
806034,1,168.3612,01-10-2014
806035,1,133.3476,01-10-2014
806036,1,118.4512,01-10-2014
806037,1,68.5104,01-10-2014
806038,1,58.24,01-10-2014
806039,1,45.6512,01-10-2014
806040,1,17.1248,01-10-2014
806041,1,236.0064,01-10-2014
806042,1,168.3612,01-10-2014
806043,1,133.3476,01-10-2014
806044,1,118.4512,01-10-2014
806045,1,68.5104,01-10-2014
806046,1,58.24,01-10-2014
806047,1,45.6512,01-10-2014
806048,1,17.1248,01-10-2014
806049,1,236.0064,01-10-2014
806050,1,168.3612,01-10-2014
806051,1,133.3476,01-10-2014
806052,1,118.4512,01-10-2014
806053,1,68.5104,01-10-2014
806054,1,58.24,01-10-2014
806055,1,45.6512,01-10-2014
806056,1,17.1248,01-10-2014
806057,1,236.0064,01-10-2014
806058,1,168.3612,01-10-2014
806059,1,133.3476,01-10-2014
806060,1,118.4512,01-10-2014
806061,1,68.5104,01-10-2014
806062,1,58.24,01-10-2014
806063,1,45.6512,01-10-2014
806064,1,17.1248,01-10-2014
806065,1,236.0064,01-10-2014
806066,1,168.3612,01-10-2014
806067,1,133.3476,01-10-2014
806068,1,118.4512,01-10-2014
806069,1,68.5104,01-10-2014
806070,1,58.24,01-10-2014
806071,1,45.6512,01-10-2014
806072,1,17.1248,01-10-2014
806073,1,236.0064,01-10-2014
806074,1,168.3612,01-10-2014
806075,1,133.3476,01-10-2014
806076,1,118.4512,01-10-2014
806077,1,68.5104,01-10-2014
806078,1,58.24,01-10-2014
806079,1,45.6512,01-10-2014
806080,1,17.1248,01-10-2014
806081,1,236.0064,01-10-2014
806082,1,168.3612,01-10-2014
806083,1,133.3476,01-10-2014
806084,1,118.4512,01-10-2014
806085,1,68.5104,01-10-2014
806086,1,58.24,01-10-2014
806087,1,45.6512,01-10-2014
806088,1,17.1248,01-10-2014
806089,1,236.0064,01-10-2014
806090,1,168.3612,01-10-2014
806091,1,133.3476,01-10-2014
806092,1,118.4512,01-10-2014
806093,1,68.5104,01-10-2014
806094,1,58.24,01-10-2014
806095,1,45.6512,01-10-2014
806096,1,17.1248,01-10-2014
806097,1,236.0064,01-10-2014
806098,1,168.3612,01-10-2014
806099,1,133.3476,01-10-2014
806100,1,118.4512,01-10-2014
806101,1,68.5104,01-10-2014
806102,1,58.24,01-10-2014
806103,1,45.6512,01-10-2014
806104,1,17.1248,01-10-2014
806105,1,236.0064,01-10-2014
806106,1,168.3612,01-10-2014
806107,1,133.3476,01-10-2014
806108,1,118.4512,01-10-2014
806109,1,68.5104,01-10-2014
806110,1,58.24,01-10-2014
806111,1,45.6512,01-10-2014
806112,1,17.1248,01-10-2014
806113,1,236.0064,01-10-2014
806114,1,168.3612,01-10-2014
806115,1,133.3476,01-10-2014
806116,1,118.4512,01-10-2014
806117,1,68.5104,01-10-2014
806118,1,58.24,01-10-2014
806119,1,45.6512,01-10-2014
806120,1,17.1248,01-10-2014
806121,1,227.5776,01-10-2014
806122,1,168.3612,01-10-2014
806123,1,133.3476,01-10-2014
806124,1,118.4512,01-10-2014
806125,1,68.5104,01-10-2014
806126,1,58.24,01-10-2014
806127,1,45.6512,01-10-2014
806128,1,17.1248,01-10-2014
806129,1,227.5776,01-10-2014
806130,1,168.3612,01-10-2014
806131,1,133.3476,01-10-2014
806132,1,118.4512,01-10-2014
806133,1,68.5104,01-10-2014
806134,1,58.24,01-10-2014
806135,1,45.6512,01-10-2014
806136,1,17.1248,01-10-2014
806137,1,227.5776,01-10-2014
806138,1,168.3612,01-10-2014
806139,1,133.3476,01-10-2014
806140,1,118.4512,01-10-2014
806141,1,68.5104,01-10-2014
806142,1,58.24,01-10-2014
806143,1,45.6512,01-10-2014
806144,1,17.1248,01-10-2014
806145,1,227.5776,01-10-2014
806146,1,168.3612,01-10-2014
806147,1,133.3476,01-10-2014
806148,1,118.4512,01-10-2014
806149,1,68.5104,01-10-2014
806150,1,58.24,01-10-2014
806151,1,45.6512,01-10-2014
806152,1,17.1248,01-10-2014
806153,1,227.5776,01-10-2014
806154,1,168.3612,01-10-2014
806155,1,133.3476,01-10-2014
806156,1,118.4512,01-10-2014
806157,1,68.5104,01-10-2014
806158,1,58.24,01-10-2014
807001,1,236.0064,01-10-2014
807002,1,228.4524,01-10-2014
807003,1,213.5592,01-10-2014
807004,1,206.0128,01-10-2014
807005,1,171.2928,01-10-2014
807006,1,114.1952,01-10-2014
807007,1,62.8096,01-10-2014
807008,1,236.0064,01-10-2014
807009,1,228.4524,01-10-2014
807010,1,213.5592,01-10-2014
807011,1,206.0128,01-10-2014
807012,1,171.2928,01-10-2014
807013,1,114.1952,01-10-2014
807014,1,62.8096,01-10-2014
807015,1,236.0064,01-10-2014
807016,1,228.4524,01-10-2014
807017,1,213.5592,01-10-2014
807018,1,206.0128,01-10-2014
807019,1,171.2928,01-10-2014
807020,1,114.1952,01-10-2014
807021,1,62.8096,01-10-2014
807022,1,236.0064,01-10-2014
807023,1,228.4524,01-10-2014
807024,1,213.5592,01-10-2014
807025,1,206.0128,01-10-2014
807026,1,171.2928,01-10-2014
807027,1,114.1952,01-10-2014
807028,1,62.8096,01-10-2014
807029,1,236.0064,01-10-2014
807030,1,228.4524,01-10-2014
807031,1,213.5592,01-10-2014
807032,1,206.0128,01-10-2014
807033,1,171.2928,01-10-2014
807034,1,114.1952,01-10-2014
807035,1,62.8096,01-10-2014
807036,1,217.0416,01-10-2014
807037,1,228.4524,01-10-2014
807038,1,213.5592,01-10-2014
807039,1,206.0128,01-10-2014
807040,1,171.2928,01-10-2014
807041,1,114.1952,01-10-2014
807042,1,62.8096,01-10-2014
807043,1,217.0416,01-10-2014
807044,1,228.4524,01-10-2014
807045,1,213.5592,01-10-2014
807046,1,206.0128,01-10-2014
807047,1,171.2928,01-10-2014
807048,1,114.1952,01-10-2014
807049,1,62.8096,01-10-2014
807050,1,217.0416,01-10-2014
807051,1,228.4524,01-10-2014
807052,1,213.5592,01-10-2014
807053,1,206.0128,01-10-2014
807054,1,171.2928,01-10-2014
807055,1,114.1952,01-10-2014
807056,1,62.8096,01-10-2014
807057,1,217.0416,01-10-2014
807058,1,228.4524,01-10-2014
807059,1,213.5592,01-10-2014
807060,1,206.0128,01-10-2014
807061,1,171.2928,01-10-2014
807062,1,114.1952,01-10-2014
808001,1,17.1248,01-10-2014
808002,1,17.1248,01-10-2014
808003,1,17.1248,01-10-2014
808004,1,21.0336,01-10-2014
808005,1,21.0336,01-10-2014
808006,1,21.0336,01-10-2014
808007,1,38.1136,01-10-2014
808008,1,38.1136,01-10-2014
808009,1,38.1136,01-10-2014
808010,1,14.31,01-10-2014
808011,1,14.31,01-10-2014
808012,1,14.31,01-10-2014
808013,1,14.31,01-10-2014
808014,1,21.0017,01-10-2014
808015,1,21.0017,01-10-2014
808016,1,21.0017,01-10-2014
808017,1,21.0017,01-10-2014
808018,1,18.7824,01-10-2014
808019,1,18.7824,01-10-2014
808020,1,18.7824,01-10-2014
808021,1,18.7824,01-10-2014
808022,1,16.0164,01-10-2014
808023,1,16.0164,01-10-2014
808024,1,16.0164,01-10-2014
808025,1,16.0164,01-10-2014
808026,1,25.6928,01-10-2014
808027,1,25.6928,01-10-2014
808028,1,25.6928,01-10-2014
808029,1,25.6928,01-10-2014
808030,1,5.7008,01-10-2014
808031,1,5.7008,01-10-2014
808032,1,5.7008,01-10-2014
808033,1,5.7008,01-10-2014
808034,1,2.8448,01-10-2014
808035,1,2.8448,01-10-2014
808036,1,2.8448,01-10-2014
808037,1,2.8448,01-10-2014
808038,1,8.5568,01-10-2014
808039,1,8.5568,01-10-2014
808040,1,8.5568,01-10-2014
808041,1,8.5568,01-10-2014
808042,1,16.5132,01-10-2014
808043,1,16.5132,01-10-2014
808044,1,16.5132,01-10-2014
808045,1,16.5132,01-10-2014
808046,1,11.0052,01-10-2014
808047,1,11.0052,01-10-2014
808048,1,11.0052,01-10-2014
808049,1,11.0052,01-10-2014
808050,1,73.5832,01-10-2014
808051,1,73.5832,01-10-2014
808052,1,73.5832,01-10-2014
808053,1,73.5832,01-10-2014
808054,1,17.1248,01-10-2014
808055,1,17.1248,01-10-2014
808056,1,17.1248,01-10-2014
808057,1,17.1248,01-10-2014
808058,1,17.696,01-10-2014
808059,1,17.696,01-10-2014
808060,1,17.696,01-10-2014
808061,1,17.696,01-10-2014
808062,1,17.696,01-10-2014
808063,1,16.5132,01-10-2014
808064,1,16.5132,01-10-2014
808065,1,16.5132,01-10-2014
808066,1,16.5132,01-10-2014
808067,1,99.4671,01-10-2014
808068,1,99.4671,01-10-2014
808069,1,99.4671,01-10-2014
808070,1,99.4671,01-10-2014
808071,1,165.7785,01-10-2014
808072,1,165.7785,01-10-2014
808073,1,165.7785,01-10-2014
808074,1,165.7785,01-10-2014
808075,1,206.024,01-10-2014
808076,1,206.024,01-10-2014
808077,1,206.024,01-10-2014
808078,1,206.024,01-10-2014
505001,1,8.5568,01-10-2014
505002,1,8.5568,01-10-2014
505003,1,8.5568,01-10-2014
505004,1,14.2688,01-10-2014
505005,1,14.2688,01-10-2014
505006,1,14.2688,01-10-2014
505007,1,1.68,01-10-2014
505008,1,5.4972,01-10-2014
505009,1,5.4972,01-10-2014
505010,1,5.4972,01-10-2014
505011,1,12.4527,01-10-2014
505012,1,12.4527,01-10-2014
505013,1,12.4527,01-10-2014
505014,1,12.4527,01-10-2014
505015,1,5.7008,01-10-2014
505016,1,5.7008,01-10-2014
505017,1,5.7008,01-10-2014
505018,1,5.7008,01-10-2014
505019,1,2.7104,01-10-2014
505020,1,2.7104,01-10-2014
505021,1,2.7104,01-10-2014
505022,1,2.3184,01-10-2014
505023,1,2.3184,01-10-2014
505024,1,2.3184,01-10-2014
505025,1,44.3621,01-10-2014
505026,1,44.3621,01-10-2014
505027,1,44.3621,01-10-2014
505028,1,1.9152,01-10-2014
505029,1,1.9152,01-10-2014
505030,1,1.9152,01-10-2014
