<?xml version="1.0" encoding="UTF-8"?>
<!DOCTYPE hibernate-configuration PUBLIC "-//Hibernate/Hibernate Configuration DTD 3.0//EN"
                                         "http://hibernate.sourceforge.net/hibernate-configuration-3.0.dtd">
<hibernate-configuration>
	<session-factory>
		<property name="hibernate.connection.driver_class">com.mysql.jdbc.Driver</property>
		<property name="hibernate.connection.url">jdbc:mysql://localhost:3306/finalpetstore</property>
		<property name="hibernate.connection.username">root</property>
		<property name="hibernate.connection.password">Yamini27</property>

		<property name="hibernate.hbm2ddl.auto">update</property>
		<property name="hibernate.dialect">org.hibernate.dialect.MySQLDialect</property>
		<property name="hibernate.show_sql">true</property>

		<mapping class="com.neu.edu.model.LoginUser" />
	    <mapping class="com.neu.edu.model.Role" />
	    <mapping class="com.neu.edu.model.Product" />
	    <mapping class="com.neu.edu.model.ProductCatalog" />
	    <mapping class="com.neu.edu.model.Order" />
	    <mapping class="com.neu.edu.model.ProductOrder" />

	</session-factory>
</hibernate-configuration>
